Date,Open,High,Low,Close,Volume,SharesOutstanding,Turnover
2017-04-03,26.119294974214544,27.39786123460339,26.119294974214544,26.962974548339844,15500.0,18538700,0.0008360888303926381
2017-04-04,27.832747993119266,28.267634680511755,23.05769236462507,23.701324462890625,3711300.0,18538700,0.20019203072491598
2017-04-05,24.344955021828355,24.78853961399623,22.61410631452288,24.353652954101562,3178500.0,18538700,0.17145215144535486
2017-04-06,24.48411787840997,24.89291238805951,23.492576854761275,23.96225357055664,1614400.0,18538700,0.08708269727650807
2017-04-07,23.87527862661628,24.25102001590672,23.588253493419145,23.979650497436523,418400.0,18538700,0.022569004299114823
2017-04-10,24.353651891008724,24.762444736239026,23.710019861535944,24.33625602722168,816300.0,18538700,0.04403221369351681
2017-04-11,24.049235948185444,24.26667931418886,23.501279395799777,23.910072326660156,593500.0,94707504,0.0062666628823836385
2017-04-12,23.857885184683678,24.014444665774224,22.161826351484297,22.396665573120117,1003000.0,94707504,0.010590501888847161
2017-04-13,22.422756997894083,22.518430935901225,20.248323677425876,20.718000411987305,3700900.0,94707504,0.03907715696952588
2017-04-17,20.831067023761204,20.865857086129136,19.66557090262527,20.370086669921875,1934800.0,94707504,0.020429215408316537
2017-04-18,20.361391157312028,21.439909762151125,20.361391157312028,20.874557495117188,3042200.0,94707504,0.03212205867024011
2017-04-19,21.309447463138422,21.874799819143764,21.248563592963222,21.692148208618164,1081100.0,94707504,0.01141514615357195
2017-04-20,21.79652111447038,21.996570258886788,21.500798023379467,21.744335174560547,491400.0,94707504,0.005188606807756226
2017-04-21,21.84870245069185,22.57061410520213,21.84870245069185,22.344472885131836,524600.0,94707504,0.005539159811454856
2017-04-24,23.222950498651908,23.44039384916752,22.622806386719706,22.953319549560547,261400.0,94707504,0.0027600769628560794
2017-04-25,23.47518383850689,23.483881771571692,22.14442994089183,22.701086044311523,544800.0,94707504,0.0057524480847895645
2017-04-26,23.26643804844809,23.48388139469527,22.614108009706555,23.075088500976562,851800.0,94707504,0.008994007486460629
2017-04-27,23.24903924559362,23.266435109246473,22.64019894839173,22.796756744384766,568100.0,94707504,0.005998468716903362
2017-04-28,23.048989810809932,23.048989810809932,21.909587382784558,22.100936889648438,415100.0,94707504,0.0043829684287741335
2017-05-01,22.387967639841627,22.622806861477443,22.013964803672245,22.396665573120117,461800.0,94707504,0.00487606557554299
2017-05-02,22.5271301007348,23.04899445799096,22.396664426161028,22.640201568603516,915700.0,94707504,0.009668716430326366
2017-05-03,22.657595232610785,23.336019046690197,21.571249493470578,21.805217742919922,2050900.0,94707504,0.02165509503872048
2017-05-04,21.7791245223704,21.831310456565976,20.683209950497677,20.69190788269043,4993400.0,94707504,0.05272443881532344
2017-05-05,21.013720856238667,21.18767616377128,20.552740452549777,20.839765548706055,1169100.0,94707504,0.012344322789881571
2017-05-08,20.874559989659335,21.487750122997138,20.770186459768208,21.04851531982422,1351200.0,97200000,0.013901234567901235
2017-05-09,21.074605342327107,21.813912932864874,20.97023348187519,21.70953941345215,708800.0,97200000,0.007292181069958848
2017-05-10,21.709541252014468,22.292289442265993,21.474703716629065,21.970474243164062,990900.0,97200000,0.010194444444444445
2017-05-11,21.866097420043403,22.040052721264207,21.33553690334529,21.5181884765625,560300.0,97795696,0.0057292909904746725
2017-05-12,21.413819715466715,21.822612575722346,21.265958185763882,21.75303077697754,536000.0,97795696,0.005480813797776949
2017-05-15,21.71824467979434,21.961781868032276,21.43121947817455,21.535593032836914,450500.0,97795696,0.004606542193840514
2017-05-16,21.431217412849264,21.648660776726263,20.726701378396932,20.987632751464844,1434300.0,97795696,0.014666289608491563
2017-05-17,20.84846404089668,21.283350662467864,19.97869079775431,20.352693557739258,931700.0,97795696,0.009527004133188029
2017-05-18,20.29180882949643,21.03981431751925,19.89171395104005,20.404878616333008,582300.0,97795696,0.005954249765756562
2017-05-19,20.187444425544424,20.930231158317895,20.091770457800102,20.265724182128906,736700.0,97795696,0.0075330513522803705
2017-05-22,20.309208796062965,20.657117816977745,20.065671651942083,20.257022857666016,1002200.0,97795696,0.010247894753977721
2017-05-23,20.30920930162326,20.752793936442227,20.074370084549493,20.500558853149414,720800.0,97795696,0.0073704675101448226
2017-05-24,20.448368812000506,21.292048246868944,20.2918093653534,20.874557495117188,511200.0,97795696,0.005227223905641001
2017-05-25,21.11809974164049,21.396426977286296,20.500559735960316,20.848468780517578,715900.0,97795696,0.00732036305565022
2017-05-26,20.813681061553122,21.535593032836914,20.64929292033007,21.535593032836914,551200.0,97795696,0.005636239860698982
2017-05-30,21.605167388916016,21.683447113140847,21.274652629086546,21.605167388916016,610000.0,97795696,0.006237493314634215
2017-05-31,21.56168536984842,21.56168536984842,20.796283778275804,21.126798629760742,463900.0,97795696,0.004743562538784938
2017-06-01,21.135494305259652,21.265961650754818,20.457072071698594,20.987632751464844,570300.0,97795696,0.005831544979239168
2017-06-02,21.013721421602757,21.013721421602757,19.830829280061675,20.352693557739258,1578700.0,97795696,0.016142837206250878
2017-06-05,20.448368812000506,20.961535149805666,20.240492731572886,20.874557495117188,1154900.0,97795696,0.011809313162411565
2017-06-06,20.891955404543587,21.548633526800053,20.839767811241437,21.092002868652344,786800.0,97795696,0.008045343835990492
2017-06-07,21.048517192483732,21.657357584306624,20.691910226983733,21.08330726623535,1127000.0,97795696,0.011524024533758623
2017-06-08,20.99632721463207,21.126794538562418,20.52665048895001,20.69190788269043,796300.0,97795696,0.008142485125316762
2017-06-09,20.674513473052695,21.43121537849663,20.596233736770763,21.248563766479492,1202400.0,97795696,0.012295019609042918
2017-06-12,21.248559887672435,21.66170249619661,21.0746045812536,21.544282913208008,1064200.0,97795696,0.010881869484317592
2017-06-13,21.466004588099107,22.33577785887161,21.39642279279574,21.848705291748047,1554900.0,97795696,0.01589947271299138
2017-06-14,21.944378855849084,22.77066411282619,21.851312812186578,22.292287826538086,1686900.0,97795696,0.017249225364682715
2017-06-15,22.21401039683357,22.274894261080224,20.587533631143113,20.961536407470703,1417800.0,97795696,0.014497570527030147
2017-06-16,20.961534596262876,20.961534596262876,19.648176856135688,20.404878616333008,9049900.0,97795696,0.09253883729198062
2017-06-19,20.422279994102738,20.535351470437565,19.897807710792282,20.448373794555664,1111500.0,97795696,0.011365530851173655
2017-06-20,20.239623346854557,20.439670790483166,19.804736734291083,20.361391067504883,935700.0,97795696,0.009567905728693827
2017-06-21,20.361393428740573,20.50925496051754,20.004786497800996,20.31790542602539,1244500.0,97795696,0.012725508901741442
2017-06-22,20.387487411499023,20.709302616029778,20.152648213191082,20.387487411499023,964800.0,97795696,0.00986546483599851
2017-06-23,20.36139202205407,20.36139202205407,19.639480277713663,20.01348304748535,6528500.0,97795696,0.06675651656490077
2017-06-26,19.917810909094783,20.404883557899932,19.79604316163378,20.274417877197266,1352900.0,97795696,0.013833942139948572
2017-06-27,20.44836891579667,20.761487810680272,20.25701940167935,20.430973052978516,1398000.0,97795696,0.014295107629276447
2017-06-28,20.483159203434656,20.64841658406825,20.296157823524197,20.46576499938965,714100.0,97795696,0.007301957337672611
2017-06-29,20.457066269354964,21.265955618981714,20.370088616681844,21.178977966308594,1087400.0,97795696,0.011119098738251221
2017-06-30,21.265958786010742,21.396424454969626,21.005025789131988,21.265958786010742,932600.0,97795696,0.009536206992176834
2017-07-03,21.28335577984627,21.744336306775956,21.19637976178813,21.61387062072754,544100.0,97795696,0.00556363952867619
2017-07-05,21.709540989283614,22.100939641790788,21.361631997588862,22.08354377746582,770700.0,97795696,0.007880714914079654
2017-07-06,22.02266022818412,22.40970909069902,21.74433303082333,21.822612762451172,968500.0,97795696,0.009903298811841372
2017-07-07,21.82261037215732,22.057449541318224,21.435561552036997,22.013959884643555,653300.0,97795696,0.00668025308598448
2017-07-10,22.013961884443088,22.42710453609905,21.68344875849487,22.3792667388916,562300.0,58199100,0.009661661434626996
2017-07-11,22.196615927285496,22.579315000577292,22.109638261915187,22.509733200073242,873900.0,58199100,0.01501569611901215
2017-07-12,22.788064885609398,23.222951607403765,22.683691342435825,22.93592643737793,1179700.0,58199100,0.020270072904907465
2017-07-13,22.944622504521295,23.901373615612645,22.909832429752047,23.779605865478516,1136000.0,58199100,0.0195192021869754
2017-07-14,23.77090538648671,24.249280061324004,23.623043851888838,23.753509521484375,844100.0,58199100,0.014503660709529872
2017-07-17,23.62304356659351,24.040534367841587,23.35341429815758,23.43169403076172,590200.0,58199100,0.010141050291155706
2017-07-18,23.2751368676949,23.527370296286964,22.883738165961013,22.944622039794922,796900.0,58199100,0.013692651604578077
2017-07-19,23.0489903770294,23.63956713782884,22.992454653105032,23.414295196533203,1299300.0,58199100,0.022325087501353112
2017-07-20,23.649134855432617,23.701320785313275,23.19685237257146,23.222946166992188,1169900.0,58199100,0.020101685421252218
2017-07-21,23.44908968813485,23.627394824851336,23.266438073392713,23.475183486938477,968600.0,58199100,0.016642869047803144
2017-07-24,23.69262653006745,23.849186002962515,23.327321646299318,23.701324462890625,905200.0,58199100,0.015553505122931454
2017-07-25,23.831787561000464,24.28407006514568,23.588252104122947,23.788299560546875,847300.0,58199100,0.014558644377662197
2017-07-26,24.014442227017256,24.179697965642806,23.727417093820122,23.979650497436523,741500.0,58199100,0.0127407468500372
2017-07-27,24.09271864603951,24.205788433703972,23.34558244797156,23.52736473083496,1076100.0,58199100,0.01848997664912344
2017-07-28,23.440392011850875,23.883974952247808,23.144668945612267,23.831789016723633,687800.0,58199100,0.01181805216919162
2017-07-31,23.831785115165474,24.68416244467981,23.657831472242936,24.38844108581543,1621500.0,58199100,0.027861255586426593
2017-08-01,25.945342270716434,26.919489276808346,25.480013601880028,26.1801815032959,4069300.0,58199100,0.069920325228397
2017-08-02,26.354128111810702,26.64115321033281,26.023615015527366,26.275848388671875,1031200.0,58199100,0.017718487055641753
2017-08-03,26.336738041819586,26.336738041819586,24.910308597704496,24.988588333129883,1479400.0,58199100,0.025419637073425535
2017-08-04,24.96249830896861,25.032080117579874,24.484121923175135,24.545005798339844,1724400.0,58199100,0.029629324164806674
2017-08-07,24.57109454591,25.43216987251438,24.57109454591,25.23212242126465,1484800.0,58199100,0.025512422013398834
2017-08-08,25.275616049124192,25.736596575883112,24.97989294274469,25.014684677124023,764700.0,58199100,0.013139378443996557
2017-08-09,24.98858716656718,25.162542494716252,24.57109636976255,24.718957901000977,852900.0,58199100,0.014654865796893766
2017-08-10,24.710254669189453,24.819845606580927,24.479765318940856,24.710254669189453,839400.0,58199100,0.01442290344696052
2017-08-11,24.545002623323782,24.962495079947857,24.10141802869636,24.571096420288086,905600.0,58199100,0.015560378081447996
2017-08-14,24.77114466015519,25.04077559365469,24.58849305258554,24.814634323120117,691900.0,101032000,0.006848325283078629
2017-08-15,24.832030966231457,24.919008641735832,24.39714424767076,24.545005798339844,1017100.0,101032000,0.0100671074511046
2017-08-16,24.545000498096645,24.640676086387405,24.153603531286915,24.53630256652832,1659900.0,101032000,0.016429448095652863
2017-08-17,24.362349852526997,24.571095241342743,24.25797632863868,24.30146598815918,542900.0,101032000,0.005373545015440653
2017-08-18,23.770907966208217,23.770907966208217,23.249043572230107,23.666534423828125,4177200.0,101032000,0.041345316335418485
2017-08-21,23.736116197881092,24.30146855978719,23.483881122852846,24.21449089050293,1102100.0,101032000,0.010908425053448412
2017-08-22,24.353653537472393,24.38844526739863,23.901371002197266,23.901371002197266,790600.0,101032000,0.007825243487211973
2017-08-23,23.875274965056175,24.492813139758493,23.84048324081117,24.344951629638672,1058300.0,101032000,0.010474899041887718
2017-08-24,24.397143783064614,24.397143783064614,24.127514487200788,24.188398361206055,2470300.0,101032000,0.024450669094940217
2017-08-25,24.353652548797307,24.492816144930703,24.205791020535457,24.249279022216797,1019900.0,104600000,0.009750478011472276
2017-08-28,24.249279461104265,24.892913178571497,24.136209659309777,24.866819381713867,1343100.0,104600000,0.012840344168260038
2017-08-29,24.64067357141649,24.805930936425902,24.28406670831662,24.32755470275879,1086600.0,104600000,0.010388145315487572
2017-08-30,24.31016914445936,24.571100521814486,24.2144935319139,24.458030700683594,1014200.0,104600000,0.009695984703632888
2017-08-31,24.562400739813743,25.371290271294505,24.545004873576044,25.22342872619629,2325000.0,104600000,0.02222753346080306
2017-09-01,25.371291919274114,26.58027649898427,25.371291919274114,26.1801815032959,1048900.0,104600000,0.010027724665391969
2017-09-05,26.19757739139177,26.354135220940734,25.262570256656634,25.30171012878418,682200.0,104600000,0.0065219885277246654
2017-09-06,26.093195159620922,26.336732245003223,25.46695907301586,26.162776947021484,894600.0,104600000,0.008552581261950286
2017-09-07,26.119295146782633,26.33238869544147,25.249521768509016,26.006223678588867,1315500.0,104600000,0.012576481835564054
2017-09-08,25.823571239839442,25.927943112877173,25.249520961248876,25.475662231445312,1053600.0,104600000,0.010072657743785851
2017-09-11,25.606127156918497,26.40631868241473,25.606127156918497,25.745290756225586,1033500.0,104600000,0.009880497131931166
2017-09-12,25.73659382841443,26.171480507963224,25.675709958711366,25.91054916381836,587600.0,104600000,0.005617590822179733
2017-09-13,25.840959253687515,26.69333819369613,25.840959253687515,26.623756408691406,1130200.0,104600000,0.010804971319311664
2017-09-14,26.484599300724703,26.54548317008896,26.14538656447079,26.24106216430664,616900.0,104600000,0.005897705544933078
2017-09-15,26.241060202713875,26.241060202713875,25.62352030469417,25.727893829345703,2550000.0,104600000,0.024378585086042064
2017-09-18,25.797480404936607,26.093203510775627,25.797480404936607,25.927946090698242,612300.0,104600000,0.005853728489483748
2017-09-19,25.962733298947533,25.988825436174515,25.353891326250647,25.501752853393555,552600.0,104600000,0.0052829827915869985
2017-09-20,25.527851427858753,25.71050305847982,25.275616327712076,25.30171012878418,570200.0,104600000,0.005451242829827916
2017-09-21,25.162539690998162,25.67570602700168,25.084259967949436,25.58003044128418,1255100.0,104600000,0.01199904397705545
2017-09-22,25.35389379627487,26.171481241243082,25.35389379627487,25.675710678100586,2369200.0,104600000,0.022650095602294456
2017-09-25,25.780083096371154,26.310645402293215,25.780083096371154,25.884456634521484,1091600.0,104600000,0.010435946462715106
2017-09-26,25.823564950114786,26.145380082385973,25.762681095845135,25.81486701965332,714500.0,104600000,0.006830783938814531
2017-09-27,25.87575815814737,26.293248984060938,25.597430940871657,25.675710678100586,923700.0,104600000,0.008830783938814531
2017-09-28,25.580036514453887,25.710502197523116,25.26256941069967,25.31910514831543,738900.0,104600000,0.007064053537284895
2017-09-29,25.223424489606725,25.336494283238057,24.892911381409817,25.23212242126465,1355000.0,105510000,0.01284238460809402
2017-10-02,25.319103572412462,26.20627115744114,25.206032104218696,26.006223678588867,1284000.0,105510000,0.01216946261017913
2017-10-03,26.006223162453647,26.180178498240373,25.606128212689622,25.76268768310547,804700.0,105510000,0.007626765235522699
2017-10-04,25.684407947897544,26.075804964976133,25.64961621715579,25.76268768310547,595100.0,105510000,0.005640223675480997
2017-10-05,25.814875007471908,26.458507130132027,25.814875007471908,25.954038619995117,746500.0,105510000,0.0070751587527248605
2017-10-06,25.858357803477702,25.94533545851785,25.56263477171766,25.649612426757812,660100.0,105510000,0.006256279025684769
2017-10-09,25.76268691128657,26.014920315763582,25.39738204424736,25.519149780273438,621300.0,105510000,0.00588854137048621
2017-10-10,25.736592231349896,25.98882562717631,25.188634120103362,25.571334838867188,734500.0,105510000,0.006961425457302626
2017-10-11,25.501756772820116,25.72789806432199,25.31040721491599,25.31910514831543,462400.0,105510000,0.00438252298360345
2017-10-12,25.20602848389191,25.4582635236642,24.875515377562206,24.901607513427734,534200.0,105510000,0.005063027201213155
2017-10-13,25.075562244082416,25.414773274126237,24.42323231925305,24.692861557006836,919200.0,105510000,0.00871197042934319
2017-10-16,24.753749519799573,25.206032074112297,24.753749519799573,25.09296226501465,698400.0,105510000,0.006619277793574069
2017-10-17,25.101659503113858,25.48435858405307,25.09730970732988,25.21472930908203,638400.0,105510000,0.006050611316462894
2017-10-18,25.249521039509784,25.414776782158576,24.84942443439568,25.21472930908203,902300.0,105510000,0.00855179603829021
2017-10-19,25.17123972981813,25.501752853393555,25.08426206815273,25.501752853393555,1511200.0,105510000,0.014322813003506777
2017-10-20,25.68440759067655,26.145386403866286,25.632219995289745,26.058408737182617,1288700.0,105510000,0.012214008150886172
2017-10-23,26.110597616675133,26.136689756690725,25.5887332498691,25.597431182861328,1228500.0,105510000,0.011643446118851293
2017-10-24,25.52784895818048,26.214969063658607,25.52784895818048,26.119295120239258,2091800.0,105510000,0.01982560894701924
2017-10-25,26.69334526736554,27.57181657269323,26.110597041413946,26.962974548339844,2456400.0,105510000,0.023281205572931476
2017-10-26,27.25869272231,27.432648029095276,26.40631536877579,26.910783767700195,1071300.0,105510000,0.010153539948820017
2017-10-27,26.74552622964788,27.110831044508817,26.57157092391953,26.693340301513672,1177100.0,105510000,0.011156288503459387
2017-10-30,26.623759159297357,26.858596671099903,26.31933819634053,26.60636329650879,1256000.0,105510000,0.011904084920860583
2017-10-31,26.710738658511907,26.997765455285368,26.606366786013375,26.867298126220703,1112900.0,105510000,0.010547815372950431
2017-11-01,26.989071400436835,27.867542805159715,26.989071400436835,27.597911834716797,1571100.0,105510000,0.0148905317031561
2017-11-02,27.51092996350774,27.893630696910847,27.3456742236645,27.571815490722656,958700.0,105510000,0.009086342526774713
2017-11-03,27.46744282774302,27.710979967411948,27.36306929389604,27.441349029541016,649000.0,105510000,0.006151075727419202
2017-11-06,27.441347446037437,27.83274610167664,27.441347446037437,27.72837257385254,1000000.0,105510000,0.009477774618519572
2017-11-07,27.797955733992758,27.797955733992758,27.4196047876546,27.519628524780273,615500.0,105510000,0.005833570277698796
2017-11-08,27.406556660890395,27.563116119060627,27.067345607495493,27.415254592895508,502100.0,105510000,0.004758790635958677
2017-11-09,27.21520831116901,27.65879124989577,26.562878313209573,27.02385711669922,907200.0,105510000,0.008598237133920956
2017-11-10,26.85860224820717,27.163023274376094,26.815114241166377,27.04995346069336,603500.0,105510000,0.005719836982276561
2017-11-13,26.95427424074044,27.57181414348624,26.89339037546147,27.119531631469727,675900.0,105510000,0.006406027864657379
2017-11-14,27.180417319868265,27.73707173571164,27.076043787417124,27.30218505859375,1866400.0,105510000,0.01768931854800493
2017-11-15,27.180414650858005,27.328276172917107,26.519386767473836,27.136926651000977,1057500.0,105510000,0.010022746659084448
2017-11-16,27.119529462154226,27.51092641862267,27.015155945052843,27.345670700073242,658000.0,105510000,0.0062363756989858785
2017-11-17,27.267396226686103,27.480489779143138,27.136930549411844,27.389163970947266,1270300.0,105510000,0.012039617097905412
2017-11-20,27.38915940054734,27.850139819551575,27.345671401699747,27.806650161743164,1250500.0,105510000,0.011851957160458724
2017-11-21,27.876230465539873,28.04148949741939,27.71967268267867,27.797950744628906,1230100.0,105510000,0.011658610558240926
2017-11-22,27.832745427234205,28.53726299031292,27.745767765981917,27.928421020507812,1598500.0,105510000,0.015150222727703536
2017-11-24,28.093678858888754,28.84168447920913,28.093678858888754,28.432889938354492,1739600.0,105510000,0.016487536726376647
2017-11-27,28.406790264748686,28.528557971959838,27.69444585964226,28.18065071105957,820300.0,105510000,0.007774618519571605
2017-11-28,28.224144478589025,28.71991499819542,28.154561021419497,28.693822860717773,985300.0,105510000,0.009338451331627334
2017-11-29,28.70251785076738,28.99824089467397,28.58075012408614,28.641633987426758,771100.0,105510000,0.007308312008340442
2017-11-30,28.937362883244337,29.52880909066381,28.737315389252807,28.97215461730957,2890700.0,105510000,0.027397403089754524
2017-12-01,28.9634456204169,29.89410263798263,28.9634456204169,29.48531150817871,1238600.0,105510000,0.01173917164249834
2017-12-04,29.667965685996773,29.98108458261757,29.233079066894906,29.25047492980957,1475000.0,105510000,0.013979717562316368
2017-12-05,29.380938148224995,29.815824755832455,28.772099551911758,28.85907554626465,3159600.0,105510000,0.029945976684674438
2017-12-06,28.876478062584262,29.280922833570276,28.867778470391464,29.17220115661621,1027800.0,105510000,0.009741256752914415
2017-12-07,29.09391645742909,29.685362544680892,29.05999402591935,29.563594818115234,957400.0,105510000,0.009074021419770638
2017-12-08,29.685366495984795,30.21592879057486,29.62448262459795,29.781042098999023,738500.0,105510000,0.006999336555776703
2017-12-11,29.946303877840624,30.6856100752299,29.946303877840624,30.607330322265625,1331000.0,105510000,0.01261491801724955
2017-12-12,30.54643713878086,30.90304405639991,30.50294913769011,30.642112731933594,827200.0,105510000,0.00784001516443939
2017-12-13,30.711701879585338,31.277052634380926,30.599499697131115,31.155284881591797,1609700.0,105510000,0.015256373803430954
2017-12-14,31.224859248219705,31.81630529043099,30.833460644120844,30.885644912719727,1043100.0,105510000,0.009886266704577765
2017-12-15,30.96392530513498,31.35532391772312,30.781273725234353,30.876949310302734,1395900.0,105510000,0.01323002558999147
2017-12-18,31.250958808433673,31.71193765284356,31.077003463285074,31.59016990661621,943400.0,105510000,0.008941332575111365
2017-12-19,31.659748077392578,31.738027803722638,31.37272130820847,31.659748077392578,636400.0,105510000,0.006031655767225855
2017-12-20,32.02505481824063,32.494733228479575,31.87284514397488,32.320777893066406,1393000.0,105510000,0.013202540043597763
2017-12-21,32.3207742990137,33.094871971704904,32.3207742990137,33.05138397216797,1609700.0,105510000,0.015256373803430954
2017-12-22,33.05138471523757,33.52106308380795,32.973104987142506,33.44278335571289,925200.0,105510000,0.008768837077054307
2017-12-26,33.59934807808098,34.05163065374945,33.44105000607758,33.99944305419922,908100.0,105510000,0.008606767131077622
2017-12-27,34.01683691296954,34.05162864394954,33.64283409973971,33.66892623901367,560200.0,105510000,0.005309449341294664
2017-12-28,33.782000369278286,34.52130646232246,33.782000369278286,34.39084243774414,535200.0,105510000,0.005072504975831674
2017-12-29,34.6343719697706,34.66829440199351,33.986391800967816,34.24297332763672,598700.0,105510000,0.005674343664107667
2018-01-02,34.39952641747678,34.521294124064475,34.09510715100753,34.2951545715332,823200.0,105510000,0.007802104065965311
2018-01-03,34.46042319319702,34.66047068873915,33.990748051365344,34.051631927490234,974100.0,105510000,0.009232300255899915
2018-01-04,34.112510149903486,34.37344147832449,33.84287923037941,34.33864974975586,485600.0,105510000,0.004602407354753104
2018-01-05,34.55608917055756,34.86051178424143,34.36473800298036,34.747440338134766,621700.0,105510000,0.005892332480333618
2018-01-08,34.61697258394379,34.921395193707575,34.208181437458556,34.79092788696289,865600.0,105510000,0.008203961709790542
2018-01-09,34.75613959566466,34.773535459476925,34.147297633922754,34.65176773071289,664000.0,105510000,0.006293242346696996
2018-01-10,34.547395415944656,34.695255279541016,34.095112916480126,34.695255279541016,1006200.0,105510000,0.009536536821154393
2018-01-11,34.84311709035238,35.491097223302525,34.7561377758453,35.05186080932617,1661600.0,105510000,0.01574827030613212
2018-01-12,35.2606226135515,35.59113419333356,35.02578334291289,35.32150650024414,1313400.0,105510000,0.012448109183963605
2018-01-16,35.4693578937434,35.538941357764344,34.38214115283246,34.42563247680664,1057000.0,105510000,0.010018007771775188
2018-01-17,34.55608872557532,35.260606209738036,34.477809005112796,34.79092788696289,1261500.0,105510000,0.01195621268126244
2018-01-18,34.66916022565331,34.91269565951654,34.4430173359905,34.6082763671875,773100.0,105510000,0.007327267557577481
2018-01-19,34.46041569619314,34.956186189880306,34.46041569619314,34.78223419189453,1032500.0,105510000,0.009785802293621458
2018-01-22,34.89530141655595,35.10404845378287,34.79092955690329,34.98228073120117,789400.0,105510000,0.00748175528385935
2018-01-23,34.78223419189453,34.964885780532605,34.008133202002405,34.78223419189453,918900.0,105510000,0.008709127096957635
2018-01-24,34.86921310424805,35.15623657924306,34.70395736518559,34.86921310424805,1539000.0,105510000,0.014586295137901622
2018-01-25,35.15623440759629,35.47805291030682,34.94749067829829,35.06056213378906,700400.0,105510000,0.006638233342811108
2018-01-26,35.121449160051384,35.73898744854537,35.09535370309839,35.582427978515625,596100.0,105510000,0.005649701450099517
2018-01-29,35.51284998277613,35.7737813426316,35.41717437664726,35.504150390625,419700.0,105510000,0.003977822007392664
2018-01-30,35.43456524611908,35.43456524611908,34.69525595987513,35.15623474121094,687100.0,105510000,0.006512178940384797
2018-01-31,34.886605917567415,35.234513230097384,34.547394877733986,35.14753723144531,687100.0,105510000,0.006512178940384797
2018-02-01,34.99097476579926,35.80856036364467,34.377786396895544,35.53893280029297,1084000.0,105510000,0.010273907686475216
2018-02-02,35.35628520999149,35.47805293849904,34.46911606496562,34.83441925048828,1266000.0,105510000,0.011998862667045777
2018-02-05,34.50391084449365,35.2867082693028,33.54716138565791,33.91246795654297,1067800.0,105510000,0.010120367737655199
2018-02-06,33.32101831090596,35.31279676544496,33.0339915121319,35.26061248779297,2434200.0,105510000,0.023070798976400343
2018-02-07,35.312793863530665,35.66070450292301,34.24297312659359,35.06056213378906,2123100.0,105510000,0.020122263292578903
2018-02-08,34.79093917622015,35.48675729616004,32.686088948661634,32.712181091308594,1977800.0,105510000,0.018745142640508007
2018-02-09,32.903535372092485,33.74721346922521,32.599112635295405,33.234046936035156,2207000.0,105510000,0.020917448583072696
2018-02-12,33.477583025623126,34.14730569186369,33.0418236678292,33.69502639770508,1141800.0,105510000,0.010821723059425647
2018-02-13,33.53846180072903,34.82572596941682,33.35580687435418,34.738746643066406,1469100.0,105510000,0.013923798692067103
2018-02-14,34.33865447404358,36.07820132673832,34.33865447404358,35.96512985229492,2294500.0,105510000,0.021746753862193158
2018-02-15,36.19626179927382,36.61491695817304,35.44617005855525,36.13520812988281,1586700.0,105510000,0.015038384987205004
2018-02-16,35.91716219156235,36.27476371921862,35.3589552534819,35.36767578125,698900.0,105510000,0.006624016680883329
2018-02-20,35.341509219122145,35.376397982915634,34.76585792523216,34.783302307128906,1051600.0,105510000,0.009966827788835182
2018-02-21,34.853075157361076,35.80377230726273,34.626304855839585,34.64374923706055,1152400.0,105510000,0.010922187470381954
2018-02-22,34.80946237060707,35.30661554034149,34.32102972701923,34.687355041503906,1358300.0,105510000,0.012873661264335133
2018-02-23,34.97518094864836,35.84738000798797,34.97518094864836,35.69038391113281,1852700.0,105510000,0.01755947303573121
2018-02-26,35.94331498124067,36.580019763227625,35.86481694909572,36.08286666870117,1174400.0,105510000,0.011130698511989385
2018-02-27,36.00437805552014,36.28348150345631,35.43745063253912,35.85610580444336,1034900.0,105510000,0.009808548952705904
2018-02-28,35.96077283736201,36.1962670220679,35.481063939854124,35.50722885131836,1553500.0,105510000,0.014723722869870155
2018-03-01,35.585721083962156,36.19626109313689,35.201954694251796,35.681663513183594,920500.0,105510000,0.008724291536347266
2018-03-02,35.533394395425944,36.06543307551728,35.17579288143633,35.99565887451172,761600.0,105510000,0.007218273149464506
2018-03-05,35.829936787520076,36.004373927096765,35.446167095230955,35.47233200073242,917900.0,105510000,0.008699649322339114
2018-03-06,35.620607499741055,36.082871907726854,35.48977631811198,35.84737777709961,1222800.0,105510000,0.011589422803525732
2018-03-07,35.481059041452454,36.00437716154508,35.3851166097612,35.751441955566406,1075900.0,105510000,0.010197137712065207
2018-03-08,35.777601761213816,36.02181640547313,34.73096234311321,34.861793518066406,1011700.0,105510000,0.009588664581556251
2018-03-09,34.89668124801443,35.088566096680346,33.3005587751236,33.588382720947266,1672600.0,105510000,0.015852525826935835
2018-03-12,33.579665349449016,33.77155021614203,33.30056190362764,33.50116729736328,1432200.0,105510000,0.01357406880864373
2018-03-13,33.56221670038642,34.65246543673152,33.38777623713619,34.207645416259766,1283700.0,105510000,0.012166619277793575
2018-03-14,34.38208368741252,34.61757782149859,34.172757786341705,34.32975387573242,979100.0,105510000,0.009279689128992512
2018-03-15,34.4780262485374,34.887960853259266,34.4780262485374,34.75712966918945,1123600.0,105510000,0.010649227561368591
2018-03-16,34.94901713089851,35.28917424229534,34.80074488323342,35.01007080078125,1444300.0,105510000,0.013688749881527818
2018-03-19,34.896682311558095,35.02751349912223,33.56221883797531,33.684326171875,1259500.0,105510000,0.0119372571320254
2018-03-20,33.80643656478963,34.809466887740854,33.72793851058322,34.73969268798828,1246100.0,105510000,0.011810254952137238
2018-03-21,34.85307693481445,35.35023017985166,34.591417857506826,34.85307693481445,998300.0,105510000,0.009461662401668089
2018-03-22,34.451870802000755,34.678641145853895,33.33545681286013,33.37034225463867,957700.0,105510000,0.009076864752156194
2018-03-23,33.37033540935619,33.902377381660386,32.99529286514264,33.04762268066406,1094400.0,105510000,0.010372476542507818
2018-03-26,33.396507450923195,34.739694988664446,33.230787477081556,33.815162658691406,1395700.0,105510000,0.013228130035067766
2018-03-27,33.78026852766487,33.92854409506888,32.288808963030654,32.48069381713867,1142200.0,105510000,0.010825514169273055
2018-03-28,32.480696602612824,32.559194656281996,31.617218012251996,31.81782341003418,953900.0,105510000,0.009040849208605818
2018-03-29,31.817816013677806,32.23647109353444,31.660819942834713,31.83526039123535,1053300.0,105510000,0.009982940005686666
2018-04-02,31.660818504919515,32.34985641486237,31.634653603358917,32.24519348144531,964000.0,105510000,0.009136574732252867
2018-04-03,32.53302420968333,33.178452976792975,32.48069439557672,32.94295883178711,775700.0,105510000,0.0073519097715856315
2018-04-04,32.40219472032883,32.69874251835301,31.95737135970496,32.41963577270508,793400.0,105510000,0.007519666382333428
2018-04-05,32.18414876954882,32.89935177978985,31.77421411959033,31.81782341003418,979300.0,105510000,0.009281584683916216
2018-04-06,31.573607245389262,32.14925850298649,31.015400368588967,31.28577995300293,1116400.0,105510000,0.01058098758411525
2018-04-09,31.17239328118353,31.695711342880248,30.99795281822626,31.512550354003906,2374800.0,105510000,0.022507819164060278
2018-04-10,31.92248570770012,32.428362782404776,31.643382262061525,32.332420349121094,1537200.0,105510000,0.014569235143588285
2018-04-11,32.32369617523128,32.628964494714886,31.73932111442318,31.748044967651367,712600.0,105510000,0.006753862193157047
2018-04-12,31.809104349990907,32.21031516406087,31.809104349990907,31.94865608215332,455100.0,105510000,0.004313335228888257
2018-04-13,32.018429259963646,32.140536605800996,31.460222349178242,32.05331802368164,637900.0,105510000,0.006045872429153634
2018-04-16,32.105645641904076,32.18414368316741,31.032841296088506,31.093894958496094,1103300.0,105510000,0.010456828736612644
2018-04-17,31.277051868720278,31.878867888508434,31.185471387046512,31.8265380859375,917200.0,105510000,0.008693014880106152
2018-04-18,32.04459462328137,33.117399057606846,32.04459462328137,32.5243034362793,1602800.0,105510000,0.01519097715856317
2018-04-19,32.62024340395601,33.85876436690614,32.50249467763992,33.44010925292969,1696300.0,105510000,0.01607714908539475
2018-04-20,33.26566682487059,33.80642923257666,33.06506146922439,33.61454772949219,911900.0,105510000,0.008642782674627997
2018-04-23,33.509886702201904,33.81428665332153,32.733630061558586,33.379058837890625,997900.0,105510000,0.00945787129182068
2018-04-24,33.40522148318432,33.594487843586656,32.820849742380496,33.13484191894531,1653600.0,105510000,0.015672448109183963
2018-04-25,32.89061864721991,33.95470233519358,31.809093909729153,33.004005432128906,2200700.0,105510000,0.02085773860297602
2018-04-26,33.012732149598584,33.25258821513525,31.5997706442629,32.096923828125,1767400.0,105510000,0.016751018860771492
2018-04-27,31.93993166309009,32.38475508893263,30.980513937320023,31.521276473999023,1431800.0,105510000,0.013570277698796323
2018-04-30,31.41661369950127,32.74235680326999,31.31195073338618,32.14053726196289,1222400.0,105510000,0.011585631693678324
2018-05-01,32.02713934940206,32.515568522827444,31.52126247444097,31.80908966064453,1199400.0,105510000,0.011367642877452374
2018-05-02,31.913769041801842,32.83830139682042,31.913769041801842,32.35858917236328,1139900.0,105510000,0.01080371528765046
2018-05-03,32.38475516297632,32.88190840910712,32.22775905081126,32.51558303833008,1050000.0,105510000,0.00995166334944555
2018-05-04,32.55047676238718,33.492453578907806,32.41092501110741,33.03018569946289,992300.0,105510000,0.00940479575395697
2018-05-07,33.16100669632234,33.82387647870315,33.117397411340406,33.14356231689453,740300.0,105510000,0.007016396550090039
2018-05-08,33.10868227841281,33.143571046457645,32.341149344482645,32.47197723388672,811500.0,105510000,0.007691214102928633
2018-05-09,32.6202446379876,33.2569495225286,32.56791149907011,32.81212615966797,996500.0,105510000,0.009444602407354754
2018-05-10,32.97785397132175,33.4401184969448,32.89935590780312,33.19590377807617,683400.0,105510000,0.006477111174296275
2018-05-11,33.32672593330123,33.98087524104443,33.32672593330123,33.79771423339844,671100.0,105510000,0.006360534546488485
2018-05-14,33.87621438224334,35.097294496553836,33.87621438224334,34.81818771362305,1076500.0,105510000,0.010202824376836318
2018-05-15,34.696082183643945,35.10601686137992,34.20765277409553,34.95774459838867,927900.0,105510000,0.00879442706852431
2018-05-16,35.14962509070552,36.10904615231504,35.06240650654816,36.030548095703125,1637600.0,105510000,0.01552080371528765
2018-05-17,36.03926022066507,37.208006942628266,36.03926022066507,36.72829818725586,1412500.0,105510000,0.013387356648658895
2018-05-18,36.88135410939685,36.95132271240004,36.14670379558311,36.417823791503906,864200.0,105510000,0.008190692825324614
2018-05-21,36.41782725668401,36.96881838075811,35.901820437440286,36.933834075927734,833300.0,105510000,0.00789782958961236
2018-05-22,36.83762350158832,37.406106694679266,35.77937345787029,35.81435775756836,927500.0,105510000,0.008790635958676903
2018-05-23,35.3420816761833,36.102971887145095,35.070958342950185,36.085479736328125,957300.0,105510000,0.009073073642308785
2018-05-24,35.90181432728199,36.583994810225676,35.65693090772015,36.26039505004883,652100.0,105510000,0.006180456828736612
2018-05-25,35.945543032734264,36.31287149836338,35.831849065815625,36.26039505004883,646600.0,105510000,0.006128329068334755
2018-05-29,35.989275782579284,36.84637110419583,35.989275782579284,36.54901123046875,935500.0,105510000,0.008866458155625059
2018-05-30,36.89010539893165,38.271952078206716,36.6102376325902,37.70347213745117,1409600.0,105510000,0.013359871102265188
2018-05-31,37.72970174613478,38.263200620013926,37.563531333076654,37.84339904785156,1040900.0,105510000,0.009865415600417022
2018-06-01,38.035810543833506,40.43217834366387,38.035810543833506,39.662540435791016,1975500.0,105510000,0.018723343758885413
2018-06-04,39.968645089829366,40.27912321835934,38.91913953620262,39.76749038696289,1430600.0,105510000,0.0135589043692541
2018-06-05,39.784992146648015,41.0094128081019,39.784992146648015,40.808258056640625,1960300.0,105510000,0.018579281584683915
2018-06-06,41.25429102287332,41.84026638628324,40.41468781850854,40.930694580078125,2055700.0,105510000,0.019483461283290683
2018-06-07,41.1930707425123,41.60412794337672,40.545877847839165,41.00066375732422,1193600.0,105510000,0.011312671784664961
2018-06-08,41.10561126818901,41.60412586134711,40.59834893197259,40.98316955566406,863000.0,105510000,0.00817931949578239
2018-06-11,40.851981443862414,41.37673594717027,40.58086145329225,40.7120475769043,796900.0,105510000,0.007552838593498246
2018-06-12,40.755773838521556,40.96567629450319,40.33597226284465,40.589603424072266,659400.0,105510000,0.0062496445834518055
2018-06-13,40.563368073117196,40.81699590559248,40.064853478674586,40.09983444213867,822200.0,105510000,0.007792626291346792
2018-06-14,40.33596829555559,41.56039193973179,40.161050155489555,41.50791549682617,1445800.0,105510000,0.013702966543455597
2018-06-15,41.14933585080246,41.280525293238455,39.881183473636916,40.94818115234375,2210100.0,105510000,0.020946829684390104
2018-06-18,40.764523483168844,41.16683292825942,40.34472188790653,40.7907600402832,956900.0,105510000,0.009069282532461378
2018-06-19,40.405946303769454,40.88696879885152,39.61007175044114,40.35346984863281,1066200.0,105510000,0.010105203298265567
2018-06-20,40.4933967590332,40.61583846366543,39.74125104625095,40.4933967590332,1020600.0,105510000,0.009673016775661075
2018-06-21,40.62459391376451,40.76452779364869,39.75875073828393,39.942413330078125,1067500.0,105510000,0.010117524405269644
2018-06-22,40.73829191878727,40.89571461705307,40.07360347594532,40.23102951049805,2529900.0,105510000,0.023977822007392666
2018-06-25,39.92491827228324,40.213530394795804,38.73547881108716,39.01534652709961,1074500.0,105510000,0.01018386882759928
2018-06-26,39.38267750552392,39.82871903789739,38.84917855000778,39.43515396118164,918800.0,105510000,0.008708179319495782
2018-06-27,39.68878504875368,40.33597798529862,39.19027039839532,39.21650695800781,1014300.0,105510000,0.009613306795564401
2018-06-28,39.01534883538261,39.260232267310066,38.648020351204885,38.91914367675781,791300.0,105510000,0.007499763055634537
2018-06-29,39.52261011273514,39.9948881895991,39.382676238436936,39.776241302490234,1046100.0,105510000,0.009914700028433324
2018-07-02,39.461383177951554,40.10857933215336,39.137786768993756,39.470130920410156,1053900.0,105510000,0.009988626670457777
2018-07-03,39.76749721637357,40.44093003446597,39.0415879438877,39.26023483276367,482700.0,105510000,0.004574921808359397
2018-07-05,39.618815597068796,40.05610937482074,39.12030095733452,39.26023483276367,738900.0,105510000,0.007003127665624112
2018-07-06,39.09407067470488,39.78499575518751,38.875423750725865,39.6013298034668,976100.0,105510000,0.009251255805136954
2018-07-09,39.767487213110726,40.309730426964954,39.408906539004334,39.75873947143555,679600.0,105510000,0.006441095630745901
2018-07-10,39.87243902640805,40.46715871527213,39.87243902640805,40.14356231689453,640300.0,105510000,0.006068619088238082
2018-07-11,39.487630936461564,40.05611086694338,38.473109467736776,38.7354850769043,900300.0,105510000,0.008532840489053171
2018-07-12,38.91914412584835,39.26898046374139,38.263203494513824,38.77046585083008,671400.0,105510000,0.00636337787887404
2018-07-13,38.54307275071929,39.076571685722115,38.25446059641626,38.31568145751953,621200.0,105510000,0.005887593593024358
2018-07-16,38.21947926268344,38.53433133640591,37.637003593554276,38.359413146972656,993900.0,105510000,0.009419960193346602
2018-07-17,38.08828260012552,38.656765774451735,37.84339918289519,38.46435546875,1174200.0,105510000,0.01112880295706568
2018-07-18,38.49060105372592,39.225254814039964,38.31568619255024,39.1115608215332,640600.0,105510000,0.006071462420623637
2018-07-19,38.94539098229592,39.566350813078394,38.359418798098844,38.56057357788086,1068400.0,105510000,0.01012605440242631
2018-07-20,38.58680261882497,39.04158855516199,38.47310863695582,38.779212951660156,894300.0,105510000,0.008475973841342053
2018-07-23,38.787953103835804,38.787953103835804,37.8259082177825,37.974586486816406,1889900.0,105510000,0.017912046251540137
2018-07-24,38.56056628100361,39.07657308324746,36.38284175321874,38.044559478759766,2385100.0,105510000,0.02260544024263103
2018-07-25,38.64802834977101,39.15703901972457,37.42360760044201,37.782188415527344,1119300.0,105510000,0.010608473130508956
2018-07-26,37.65099116700397,38.831686292498375,37.54604160127776,38.5168342590332,1157700.0,105510000,0.010972419675860108
2018-07-27,38.34191634859066,38.6742605346157,37.926488618274284,38.40313720703125,920500.0,105510000,0.008724291536347266
2018-07-30,38.359402911064784,38.40750548373031,36.75016200300877,37.134979248046875,1646100.0,105510000,0.015601364799545067
2018-07-31,37.27491833817619,37.54604166440181,36.46155169578587,37.161224365234375,1023000.0,105510000,0.009695763434745522
2018-08-01,36.95508147867864,37.54278231647137,36.79719100216992,37.314720153808594,805000.0,105510000,0.0076296085679082555
2018-08-02,36.80596405690781,37.998912929027675,36.73579236532251,37.9375114440918,627500.0,105510000,0.005947303573121031
2018-08-03,37.73577095976695,37.89366148083912,36.75334365341949,37.74454116821289,538500.0,105510000,0.005103781632072789
2018-08-06,37.7971724572805,38.02523468431217,37.40244615460007,37.74454116821289,978600.0,105510000,0.009274950241683252
2018-08-07,38.02522711329531,38.62170155277782,37.779621172142505,37.928741455078125,759400.0,105510000,0.007197422045303763
2018-08-08,38.00769321537304,38.57785044023566,37.919974402688396,38.498905181884766,639100.0,105510000,0.006057245758695858
2018-08-09,38.39365046244739,38.542767442330465,37.90243509210777,38.20944595336914,665600.0,105510000,0.006308406786086627
2018-08-10,37.92875237924478,38.32347537089058,37.411223035522134,38.042781829833984,371500.0,105510000,0.003520993270780021
2018-08-13,38.04276771003911,38.13048650039379,37.08665464501611,37.314720153808594,453300.0,105510000,0.0042962752345749216
2018-08-14,37.5340157487356,37.542785955556326,36.97262882056826,37.2094612121582,851200.0,105510000,0.00806748175528386
2018-08-15,36.90246406606234,36.968252347007855,35.498996354502744,35.70074462890625,1607800.0,105510000,0.015238366031655768
2018-08-16,36.06037867485873,36.911232744776264,35.95511944693126,36.26212692260742,1527700.0,105510000,0.014479196284712349
2018-08-17,36.130549992608756,36.805969778020504,36.04283452796016,36.57790756225586,1120200.0,105510000,0.010617003127665624
2018-08-20,36.84982321602382,37.06034499122983,36.64807499393854,36.8410530090332,847400.0,105510000,0.008031466211733484
2018-08-21,36.9901728094984,38.04277507461655,36.9901728094984,37.61296463012695,992400.0,105510000,0.009405743531418823
2018-08-22,37.718227589366094,37.96383358197689,37.42876051567707,37.56033706665039,629000.0,105510000,0.005961520235048811
2018-08-23,37.498932835084716,37.70068107804192,36.52527579802094,36.972633361816406,612000.0,105510000,0.005800398066533978
2018-08-24,37.20069169304314,37.26647995686988,36.604217234306184,36.823509216308594,329300.0,105510000,0.003121031181878495
2018-08-27,36.876140529255885,37.27086676643584,36.78842172869918,36.8410530090332,681300.0,105510000,0.006457207847597384
2018-08-28,36.841053492806935,36.998943989752235,36.42878349010198,36.5954475402832,578100.0,105510000,0.0054791015069661645
2018-08-29,36.61300309945838,36.78843406714929,35.84109412631976,36.209503173828125,1035500.0,105510000,0.009814235617477017
2018-08-30,36.08668957712419,36.22703631780501,35.44635736363482,35.76213836669922,739700.0,105510000,0.007010709885318927
2018-08-31,35.70951782481214,36.27967851251849,35.402510282897175,36.23582077026367,656300.0,105510000,0.006220263482134395
2018-09-04,36.0603824399415,36.7358023030805,35.9638934100458,36.24458694458008,534900.0,105510000,0.005069661643446119
2018-09-05,36.200724759828226,36.89368830200909,35.90248749775864,36.68316650390625,927500.0,105510000,0.008790635958676903
2018-09-06,36.59544689737666,37.74453473746572,36.59544689737666,37.13051986694336,1642100.0,105510000,0.015563453701070989
2018-09-07,36.902457780276336,37.481388530948784,36.612994078005315,37.332271575927734,1182100.0,105510000,0.011203677376551986
2018-09-10,37.41120146265356,38.077847401714195,37.26208122275757,37.29716873168945,677800.0,105510000,0.006424035636432565
2018-09-11,37.393671830995665,38.25329604771473,37.27963905696377,37.946285247802734,952500.0,105510000,0.009027580324139892
2018-09-12,38.218215496008774,38.805919888319046,37.95506572389665,38.66557312011719,877300.0,105510000,0.00831485167282722
2018-09-13,38.80591619772449,39.218182907910645,38.30592732829219,38.472591400146484,1388200.0,105510000,0.01315704672542887
2018-09-14,38.42873351597453,38.674339499473945,38.05155098638296,38.38487243652344,1180000.0,105510000,0.011183774049853094
2018-09-17,38.472585269853546,38.472585269853546,37.01648666545833,37.1480598449707,1135600.0,105510000,0.010762960856790826
2018-09-18,37.19191680710635,38.13486953418383,37.19191680710635,37.70944595336914,869400.0,105510000,0.008239977253340915
2018-09-19,38.36732932601675,38.71819451407445,37.40244253006486,37.83225631713867,1071600.0,105510000,0.010156383281205572
2018-09-20,38.13926135790232,38.314695613878285,36.1919474742163,36.700706481933594,1520000.0,105510000,0.014406217420149749
2018-09-21,37.06035244498859,37.534024024871655,36.42879033847782,36.849830627441406,2278500.0,105510000,0.021595109468296843
2018-09-24,37.007717258591676,37.30595451681442,36.59545056790909,36.94631576538086,736900.0,105510000,0.006984172116387072
2018-09-25,36.99894290563067,37.31472389026844,36.71824944064822,37.1480598449707,716000.0,105510000,0.006786086626860013
2018-09-26,37.05157874816506,37.13052400404693,36.63053515270813,36.77965545654297,840400.0,105510000,0.007965121789403848
2018-09-27,36.81474395479516,36.9463171539933,35.88494462159452,36.12178039550781,902600.0,105510000,0.008554639370675765
2018-09-28,35.84108188219588,35.89370981607177,30.788592770045494,31.262264251708984,5905100.0,105510000,0.055967206899819925
2018-10-01,31.262264218967992,32.148205694425194,31.20086273209037,31.244720458984375,1807600.0,105510000,0.017132025400435978
2018-10-02,31.00788824906017,31.76225328359976,30.735968303677613,31.499103546142578,1133700.0,105510000,0.010744953085015638
2018-10-03,31.227178120889427,32.49030212818389,31.06051741265151,31.621904373168945,1362500.0,105510000,0.012913467917732917
2018-10-04,31.621905146543185,31.68330663771833,30.700879432785676,31.139463424682617,940200.0,105510000,0.008911003696332102
2018-10-05,31.113142807154954,31.950836312678017,31.007880262380123,31.841190338134766,623300.0,105510000,0.005907496919723249
2018-10-08,31.823657722130527,32.446449618634055,31.551737751587055,32.22715759277344,789700.0,105510000,0.007484598616244906
2018-10-09,32.148203612862396,32.20960509576433,30.990342297954648,31.306119918823242,940400.0,105510000,0.008912899251255805
2018-10-10,31.332441202447985,31.402612900605114,29.955287746545253,29.98160171508789,768000.0,105510000,0.007278930907023031
2018-10-11,29.63073395761111,31.10437646472328,29.621963749911913,30.7973690032959,1092400.0,105510000,0.01035352099327078
2018-10-12,31.262263219574553,31.30612094506651,30.095631660064647,30.735963821411133,813700.0,105510000,0.007712065207089376
2018-10-15,30.700883716507136,31.376303559805983,30.65702598042399,30.893861770629883,540600.0,105510000,0.00512368495877168
2018-10-16,31.034206770185254,31.97277632277738,30.762283468113196,31.92014503479004,573900.0,105510000,0.0054392948535683825
2018-10-17,31.823652447773643,32.10434592666347,31.42015599013579,31.665761947631836,565100.0,105510000,0.00535589043692541
2018-10-18,31.560499456769588,31.99031318394637,31.244718489232337,31.45524024963379,661300.0,105510000,0.006267652355226993
2018-10-19,31.376299276940188,31.771025540069857,31.113149550230514,31.192094802856445,353100.0,105510000,0.0033466022177992606
2018-10-22,31.279811920191836,31.53419145281085,30.898242621263318,31.314899444580078,396600.0,105510000,0.003758885413704862
2018-10-23,30.76227898549879,31.507870386288577,30.446497995850848,31.235950469970703,435000.0,105510000,0.004122831959056014
2018-10-24,31.42893623671244,31.542965686330827,29.788629396597667,29.85003089904785,621600.0,105510000,0.0058913847028717655
2018-10-25,30.095639028920136,31.086836583024937,29.88511721043095,30.814916610717773,697700.0,105510000,0.006612643351341105
2018-10-26,30.402640907501752,31.021045916245203,30.007914662147442,30.700878143310547,942900.0,105510000,0.008936593687802105
2018-10-29,31.025424948132795,31.17454521796073,29.613184218380287,29.735990524291992,1255700.0,105510000,0.011901241588475026
2018-10-30,31.259335181854752,31.541109202097047,30.21148825401692,30.871896743774414,1574100.0,105510000,0.014918965027011658
2018-10-31,30.863088046540224,31.68199480621856,30.819061487645815,31.215307235717773,1269300.0,105510000,0.012030139323286893
2018-11-01,31.14486465144519,31.307766627851134,29.90329677662624,30.070602416992188,1586300.0,105510000,0.015034593877357597
2018-11-02,30.317154695368483,30.757427051259388,29.991354092532436,30.361181259155273,980600.0,105510000,0.009293905790920293
2018-11-05,30.51087305341427,31.1360589402953,30.414012605782602,30.686979293823242,651600.0,105510000,0.006175717941427353
2018-11-06,30.581318825165344,31.34739181866381,30.581318825165344,31.083229064941406,891700.0,105510000,0.008451331627333901
2018-11-07,31.435446568595882,31.740995688022274,31.118449938077138,31.54111099243164,813100.0,105510000,0.007706378542318264
2018-11-08,31.620354028884055,31.818475205099553,31.206497023710284,31.47066307067871,527000.0,105510000,0.004994787223959814
2018-11-09,31.14486464555812,31.312170285892442,30.686981005135436,31.012784957885742,637800.0,105510000,0.006044924651691783
2018-11-12,31.162477097790365,31.57633419100011,30.95114824607458,31.188892364501953,516800.0,105510000,0.0048981139228509146
2018-11-13,31.400220004151954,32.3247911535903,31.34738611940852,31.963768005371094,796300.0,105510000,0.0075471519287271345
2018-11-14,32.298381129583746,32.68581960351241,31.1977002114791,31.435447692871094,787100.0,114500000,0.0068742358078602624
2018-11-15,31.276941171898624,31.629156957942843,30.827861594003053,31.0303897857666,1239900.0,114500000,0.01082882096069869
2018-11-16,31.003980649628645,31.23292417164386,30.651764755853165,31.06561851501465,1361100.0,114500000,0.011887336244541484
2018-11-19,31.100837762505588,31.320973932035788,30.141043928993465,30.343568801879883,732800.0,114500000,0.0064
2018-11-20,30.00015684369944,30.00015684369944,28.142207039829476,28.274290084838867,4660100.0,114500000,0.04069956331877729
2018-11-21,28.388759637620883,28.74097546538613,28.12459524753862,28.450397491455078,828500.0,114500000,0.007235807860262009
2018-11-23,28.00132065173742,28.00132065173742,26.92705672759475,27.464189529418945,567300.0,114500000,0.004954585152838428
2018-11-26,27.57865845267809,27.587464100809253,26.381117178930324,26.627670288085938,1403800.0,114500000,0.012260262008733624
2018-11-27,26.583643102349424,27.252857229043684,26.116953839396615,26.495588302612305,1518900.0,114500000,0.013265502183406113
2018-11-28,26.486784988290765,27.754769849505774,26.486784988290765,27.657909393310547,1192400.0,114500000,0.010413973799126638
2018-11-29,27.701934903512715,28.13340327587509,27.402551256627135,27.428966522216797,1041700.0,114500000,0.009097816593886462
2018-11-30,27.29688267931405,27.640294536870098,26.94466517419175,27.42015838623047,1380800.0,114500000,0.01205938864628821
2018-12-03,28.010128511509933,29.21647557884922,27.472997346787345,28.961116790771484,1266000.0,114500000,0.011056768558951964
2018-12-04,28.934701083115023,29.524664454526523,28.595689472607624,28.8026180267334,1694400.0,114500000,0.01479825327510917
2018-12-06,28.34473034434087,28.34473034434087,26.319478373296096,27.006303787231445,1667400.0,114500000,0.014562445414847162
2018-12-07,27.31449982012989,27.92207451668072,27.17361278792918,27.270471572875977,1391300.0,114500000,0.012151091703056768
2018-12-10,27.09436199979767,27.561049636199613,26.21381726152285,27.455385208129883,1733700.0,114500000,0.015141484716157205
2018-12-11,27.91326830255109,28.010127079710585,27.015112284852552,27.508216857910156,1047300.0,114500000,0.009146724890829695
2018-12-12,27.886848426507317,28.564866513413726,27.657906621764088,27.825210571289062,968100.0,114500000,0.008455021834061136
2018-12-13,28.00132391688488,28.714566412822116,27.76357809774505,28.608901977539062,798700.0,114500000,0.006975545851528384
2018-12-14,28.291902737974063,28.80261692787448,26.821391311806497,26.83900260925293,1123500.0,114500000,0.009812227074235808
2018-12-17,26.85661639404297,28.195044892827514,26.433955293218137,27.517024993896484,1507400.0,114500000,0.013165065502183406
2018-12-18,27.44657532892922,27.789987186485266,27.16480132483138,27.42015838623047,1027000.0,114500000,0.00896943231441048
2018-12-19,27.587467904848832,28.16862732559654,27.255501810502306,27.38494300842285,1243100.0,114500000,0.010856768558951966
2018-12-20,27.305690544180628,27.51702106441465,26.53081029048353,26.786169052124023,936400.0,114500000,0.00817816593886463
2018-12-21,26.654088657606852,27.138387574175518,26.345897674560547,26.345897674560547,1516000.0,114500000,0.013240174672489082
2018-12-24,26.14337365749265,26.566034727293403,26.099345413030616,26.11695671081543,444100.0,114500000,0.003878602620087336
2018-12-26,26.16978883880498,26.962280441463598,25.606240747586224,26.935863494873047,550100.0,114500000,0.004804366812227074
2018-12-27,26.337092792638455,26.88303126531339,25.98487523583485,26.874225616455078,620300.0,114500000,0.005417467248908297
2018-12-28,27.041527491369607,27.120776650372786,26.33709238856996,26.83900260925293,534400.0,114500000,0.0046672489082969434
2018-12-31,26.962280011872192,27.173610542712083,26.504396355299537,26.83900260925293,582900.0,114500000,0.005090829694323144
2019-01-02,26.4163404733078,27.605076130507793,26.301870403572643,27.428966522216797,695600.0,114500000,0.006075109170305677
2019-01-03,27.46419335905428,27.46419335905428,26.706924277708506,26.794979095458984,664400.0,114500000,0.005802620087336245
2019-01-04,27.29688433263337,28.168623340425174,27.191218234943914,27.719545364379883,1155100.0,114500000,0.010088209606986899
2019-01-07,27.789990837785332,28.547258153418507,26.768559098972965,26.83900260925293,1492700.0,114500000,0.013036681222707423
2019-01-08,27.02391923809608,27.534635133292646,26.63647907223825,27.499412536621094,1410900.0,114500000,0.01232227074235808
2019-01-09,27.886849052146353,28.318315727859652,27.654385318961857,27.957292556762695,880200.0,114500000,0.007687336244541485
2019-01-10,27.737161930799672,28.23026824103596,27.296889519199677,28.168628692626953,717400.0,114500000,0.006265502183406113
2019-01-11,27.930879282428435,28.406372581185245,27.878047066901203,28.10698890686035,640900.0,114500000,0.005597379912663756
2019-01-14,27.92207131630451,28.547257240099253,27.745963385991747,28.432788848876953,614300.0,114500000,0.005365065502183406
2019-01-15,28.52964785397905,28.749784015324533,27.649101529091496,27.77237892150879,679900.0,114500000,0.005937991266375546
2019-01-16,28.071763323807023,28.855449221701576,28.071763323807023,28.696950912475586,753700.0,114500000,0.006582532751091703
2019-01-17,28.573673195679277,30.070599700781685,28.573673195679277,30.061792373657227,908700.0,114500000,0.007936244541484717
2019-01-18,30.21148808648758,30.713398267199175,29.885684148192418,30.537288665771484,802400.0,114500000,0.007007860262008734
2019-01-22,30.387599526437363,30.440433423605825,29.70958298734054,30.008968353271484,598400.0,114500000,0.005226200873362445
2019-01-23,30.28193135572719,30.634150575379085,30.176266933436185,30.37879180908203,975500.0,114500000,0.008519650655021834
2019-01-24,30.458044172131753,30.93353916101781,30.29074187264004,30.792652130126953,638900.0,114500000,0.005579912663755459
2019-01-25,31.162476351293538,31.567526106555437,31.01718566983717,31.20650291442871,594200.0,114500000,0.005189519650655022
2019-01-28,31.048004714075454,31.554318589519927,30.766230678160724,31.417835235595703,493200.0,114500000,0.004307423580786026
2019-01-29,31.68199976485174,31.699611062968117,31.083229064941406,31.083229064941406,662600.0,114500000,0.005786899563318777
2019-01-30,31.45305721670986,31.963771387220437,31.118449295954473,31.866910934448242,913900.0,114500000,0.007981659388646287
2019-01-31,31.998995785498817,32.16629807580655,31.26814204355177,31.435447692871094,683700.0,114500000,0.00597117903930131
2019-02-01,31.453064720392845,31.7524501190163,31.320981642554305,31.49709129333496,554500.0,114500000,0.004842794759825328
2019-02-04,31.32097316773971,31.963770364000954,31.0480031149392,31.241724014282227,767700.0,114500000,0.0067048034934497815
2019-02-05,31.303365019245277,31.60275036696597,31.259338453788747,31.567527770996094,901400.0,114500000,0.007872489082969432
2019-02-06,32.90595399070216,32.90595399070216,27.605076254924818,28.22145652770996,2333900.0,114500000,0.020383406113537117
2019-02-07,28.05415696942418,28.309515759431154,27.01511386988908,27.200027465820312,1298600.0,114500000,0.011341484716157205
2019-02-08,27.03272602732433,27.123421026517377,25.888016779810403,26.17859649658203,1538700.0,114500000,0.013438427947598253
2019-02-11,26.108149902041244,26.2807375895546,25.720709765516755,26.09934425354004,972600.0,108100000,0.008997224791859389
2019-02-12,26.31067540918916,26.742143798553297,26.064123963273378,26.715726852416992,831800.0,108100000,0.00769472710453284
2019-02-13,26.72453199561837,27.508216241608114,26.451563608729654,27.376134872436523,1102900.0,108100000,0.01020259019426457
2019-02-14,27.34090913718603,27.84282096958496,26.924411917915354,27.173606872558594,895500.0,108100000,0.00828399629972248
2019-02-15,27.428969588142046,27.754771896045856,27.094363310394733,27.44658088684082,503600.0,108100000,0.004658649398704903
2019-02-19,27.296260639322256,27.817956312823036,27.296260639322256,27.50847625732422,727200.0,108100000,0.006727104532839963
2019-02-20,27.47310869481481,27.738379506848172,27.16362692404588,27.446582794189453,758500.0,108100000,0.007016651248843663
2019-02-21,27.260888268025944,27.384680279970233,26.28823216785598,26.350128173828125,1144000.0,108100000,0.010582793709528214
2019-02-22,26.72150705074891,27.605739600646434,26.72150705074891,27.42005157470703,479400.0,108100000,0.004434782608695652
2019-02-25,27.340470241360048,27.349312769156814,26.87182638736984,27.05751609802246,458700.0,108100000,0.004243293246993524
2019-02-26,27.004467071491447,27.428898356497125,26.748038782713014,26.995624542236328,678900.0,108100000,0.006280296022201665
2019-02-27,27.66763770162562,28.383863918776417,27.50847557046332,28.16280746459961,897300.0,108100000,0.008300647548566142
2019-02-28,28.162808492351605,28.162808492351605,27.19015230039535,27.278575897216797,1133100.0,108100000,0.010481961147086032
2019-03-01,27.38468423678412,28.48997672264348,27.331630750647967,28.48113250732422,872200.0,108100000,0.00806845513413506
2019-03-04,28.489973706734382,28.516499603724505,27.260889321153186,27.623424530029297,786200.0,108268000,0.007261610078693612
2019-03-05,27.74721731644302,28.357338262236276,27.738376474894235,28.127437591552734,546700.0,108268000,0.005049506779473159
2019-03-06,28.03016934036692,28.21585734533291,27.773741120321063,27.94174575805664,852000.0,108268000,0.007869361214763365
2019-03-07,28.003645010610473,28.215860620867186,27.676478224044033,27.809114456176758,896400.0,108268000,0.00827945468651864
2019-03-08,27.764902879216184,27.764902879216184,26.854144394492753,27.101728439331055,1011800.0,108268000,0.009345328259504194
2019-03-11,27.10172741233783,27.487550481713622,26.414774317583525,27.242883682250977,814800.0,108268000,0.007525769387076514
2019-03-12,27.26170173445891,27.44049835205078,26.96998225987587,27.44049835205078,656800.0,108268000,0.006066427753352791
2019-03-13,27.685167235336575,28.08040082884093,27.487549541146162,27.798091888427734,998600.0,108268000,0.009223408578712084
2019-03-14,27.72280853840015,27.826322657702715,27.12525465390771,27.242883682250977,1032300.0,108268000,0.009534673218310119
2019-03-15,27.412263655617178,27.96747272549509,27.11113367769212,27.6945743560791,1525400.0,108268000,0.014089112203051686
2019-03-18,27.873372050186003,28.193321318162102,27.78867901620293,28.136859893798828,680300.0,108268000,0.00628348173052056
2019-03-19,28.447401301819646,28.48504344914607,28.08980987660051,28.221553802490234,657800.0,108268000,0.006075664092806739
2019-03-20,28.183914523841402,28.249786489295975,27.666345747642083,27.845142364501953,899500.0,108268000,0.008308087338825876
2019-03-21,27.769861311339692,28.69207246559255,27.769861311339692,28.24037742614746,593000.0,108268000,0.0054771492961909335
2019-03-22,28.00511928334991,28.240377340036442,27.186420456335107,27.242883682250977,684400.0,108268000,0.006321350722281746
2019-03-25,27.242884878624672,27.384039359860097,26.734726592325213,26.75354766845703,622400.0,108268000,0.005748697676136993
2019-03-26,27.01703393574434,27.195830558528645,26.339491389491478,26.706493377685547,979200.0,108268000,0.0090442235933055
2019-03-27,26.565337585629067,26.828827237969197,26.405362045793346,26.490055084228516,766100.0,108268000,0.007075959655669265
2019-03-28,26.47123480022229,26.838238576020462,26.23597675196449,26.687673568725586,669900.0,108268000,0.006187423800199505
2019-03-29,27.111137939504392,27.15254394618471,26.621802545891835,26.659442901611328,874100.0,108268000,0.008073484316695608
2019-04-01,27.05467359623432,27.468728233837716,26.92292967308265,26.97939109802246,607800.0,108212000,0.005616752301038702
2019-04-02,26.979394936108008,26.99821601205754,26.348903250811386,26.452417373657227,833600.0,108212000,0.007703397035448934
2019-04-03,26.59356786692012,26.668850364556167,25.501970753759323,25.63371467590332,900000.0,108212000,0.008317007355930951
2019-04-04,25.56784633310617,26.57475055456055,25.520795438503782,26.386545181274414,1131400.0,108212000,0.010455402358333641
2019-04-05,26.35831005643876,26.443003091342497,26.019537916823804,26.339488983154297,855100.0,108212000,0.00790208110006284
2019-04-08,26.25479681643701,26.57474789334756,26.20774592654633,26.424182891845703,451300.0,108212000,0.0041705171330351535
2019-04-09,26.226571153206844,26.26421151210414,25.850156794973802,25.906620025634766,1106600.0,108212000,0.010226222600081322
2019-04-10,25.906615473080674,26.34889993294243,25.6948828825014,26.292438507080078,657900.0,108212000,0.006079732377185525
2019-04-11,26.123054457472637,26.635917085533464,26.123054457472637,26.41477394104004,737500.0,108212000,0.006815325472221196
2019-04-12,26.75354649357262,27.58165406336354,26.650032374270058,27.242883682250977,952500.0,108212000,0.008802166118360256
2019-04-15,27.101723864043798,27.384034572032014,26.273616402672875,26.37713050842285,855600.0,108212000,0.007906701659705024
2019-04-16,26.30185171864661,26.645328269460137,26.207748136055212,26.433595657348633,604900.0,108212000,0.005589953055114036
2019-04-17,26.5559266543003,26.81000576583332,26.13246326328832,26.593568801879883,426000.0,108212000,0.00393671681514065
2019-04-18,26.61238766624185,27.261698504194737,26.527694636095607,26.93233871459961,730200.0,108212000,0.006747865301445311
2019-04-22,27.195830258464184,27.48754973830037,26.913521316026134,27.2805233001709,562200.0,108212000,0.005195357261671534
2019-04-23,27.242880010662578,28.188616481337586,27.22405893789385,28.005115509033203,682700.0,108212000,0.006308912135437844
2019-04-24,27.92042713896958,28.17450627914802,27.54871896665778,28.089813232421875,921800.0,108212000,0.008518463756330167
2019-04-25,27.92983332605308,28.174501890161515,27.60047172841186,27.666343688964844,804600.0,108212000,0.0074354045762022695
2019-04-26,27.628706180759117,28.57914892551973,27.628706180759117,28.569738388061523,658300.0,108212000,0.006083428824899271
2019-04-29,28.409760068827907,28.739121668220257,28.127449357258897,28.136859893798828,888500.0,108212000,0.008210734484160721
2019-04-30,28.221556450237976,28.31566003250646,27.035855621358788,27.073497772216797,1100700.0,108212000,0.010171699996303553
2019-05-01,27.562830998239086,27.562830998239086,25.294941991901922,25.55843162536621,1456200.0,108212000,0.013456917901896277
2019-05-02,25.596077455998717,26.273620017615023,25.040868294928874,25.96307945251465,1046300.0,107100000,0.00976937441643324
2019-05-03,26.226567023757763,27.43108703684295,26.123052912054604,27.29934310913086,712800.0,107100000,0.0066554621848739495
2019-05-06,26.753544681045096,27.685166307022087,26.753544681045096,27.478139877319336,614800.0,107100000,0.0057404295051353875
2019-05-07,27.224059325316848,27.440496280608457,26.951159150915533,27.261699676513672,431500.0,107100000,0.004028944911297853
2019-05-08,27.158185214201637,27.28051858950045,26.602976167718044,26.61238670349121,587000.0,107100000,0.005480859010270775
2019-05-09,26.47123627594404,27.440500134956356,26.372428320937757,27.318166732788086,533100.0,107100000,0.004977591036414566
2019-05-10,27.40286007800181,27.863965667947852,27.045266815675273,27.854555130004883,528500.0,107100000,0.004934640522875817
2019-05-13,27.38403475025681,27.412264564825954,25.74663909482307,25.916025161743164,608500.0,107000000,0.0056869158878504675
2019-05-14,26.07600297463262,26.92293344166186,25.9640206242788,26.744136810302734,837200.0,107000000,0.007824299065420561
2019-05-15,26.471236277242195,26.875880430003846,26.31126072370565,26.734725952148438,335900.0,107000000,0.003139252336448598
2019-05-16,26.904106935032996,27.148775487800975,26.377129480158395,26.461822509765625,337100.0,107000000,0.003150467289719626
2019-05-17,26.207746873926304,26.2171574112199,24.96558466919504,25.050277709960938,615900.0,107000000,0.00575607476635514
2019-05-20,24.984400379235897,25.294940886049943,24.758552901087153,25.116146087646484,347800.0,107100000,0.0032474323062558355
2019-05-21,25.324267415543744,25.721585086994587,25.049928207102038,25.09722900390625,454600.0,107100000,0.004244631185807656
2019-05-22,24.794509743741163,24.993169485053134,23.82013676925116,23.943115234375,938800.0,107100000,0.008765639589169
2019-05-23,23.498495718284435,23.82959404416377,22.928060618020957,23.129558563232422,1329100.0,107100000,0.012409897292250234
2019-05-24,23.40389784256113,23.78229518677108,23.19577975433087,23.649856567382812,698300.0,107100000,0.006520074696545285
2019-05-28,23.678237484314494,23.95257488733082,23.451199073574497,23.53633689880371,868700.0,107100000,0.00811111111111111
2019-05-29,22.978204186491023,23.328221094073637,22.78900459015264,23.157941818237305,1069400.0,107100000,0.009985060690943045
2019-05-30,23.110639412451963,23.337677811964703,22.358573924666903,22.39168357849121,659000.0,107100000,0.0061531279178338
2019-05-31,22.10788948795531,22.316007602307362,21.871390892597528,22.249788284301758,918200.0,107100000,0.008573295985060691
2019-06-03,22.334921685070285,22.72277912878527,22.25924222786591,22.429519653320312,677200.0,107100000,0.006323062558356676
2019-06-04,22.561961462669824,23.120098170961022,22.410602538828893,22.798460006713867,1141500.0,107100000,0.010658263305322128
2019-06-05,22.666019413896674,22.703860046724746,21.918684958949143,22.145723342895508,495300.0,107100000,0.004624649859943978
2019-06-06,22.10788328957255,22.43897978677111,21.852464445156013,21.97544288635254,462400.0,107100000,0.004317460317460317
2019-06-07,21.984905601429258,22.297083623916706,21.767327362434536,22.193023681640625,348500.0,107100000,0.003253968253968254
2019-06-10,22.24978346124105,22.533580992415477,22.15518368273601,22.344383239746094,457100.0,107100000,0.00426797385620915
2019-06-11,22.53358167028549,22.746430727239723,22.07950488501029,22.107885360717773,535200.0,107100000,0.004997198879551821
2019-06-12,21.786248332498356,22.42952290996521,21.27541056894253,21.303791046142578,416700.0,107100000,0.0038907563025210082
2019-06-13,21.691646987751835,21.710567304525885,20.991611506178415,21.057830810546875,775300.0,107100000,0.007239028944911297
2019-06-14,20.963233743360075,21.029453056296365,20.47131626963197,20.565916061401367,451900.0,107100000,0.004219421101774043
2019-06-17,20.518614831902372,20.991611934868878,20.26319596325868,20.944311141967773,1626100.0,107100000,0.015183006535947712
2019-06-18,21.048374505156758,21.984908704820338,20.90647571205762,21.256492614746094,571800.0,107100000,0.005338935574229692
2019-06-19,22.230866193112018,22.694403186575144,22.022748095334986,22.06058692932129,1260400.0,107100000,0.01176844070961718
2019-06-20,22.325465558002925,22.65656391967607,22.155186297465825,22.240325927734375,790900.0,107100000,0.00738468720821662
2019-06-21,22.164643345733044,22.91197779010759,22.164643345733044,22.524120330810547,1726700.0,107100000,0.01612231559290383
2019-06-24,22.6092599491285,23.034958040718255,22.51466017273737,22.524120330810547,1091800.0,107100000,0.010194211017740429
2019-06-25,22.57142357830778,22.57142357830778,21.549749851613342,21.568668365478516,681100.0,107100000,0.006359477124183006
2019-06-26,21.748409560581344,22.23086688829505,21.691650405656496,21.757869720458984,665700.0,107100000,0.0062156862745098036
2019-06-27,21.861924480414228,21.984902920922085,21.559206653618972,21.7105655670166,770000.0,107000000,0.007196261682242991
2019-06-28,21.814625197407114,22.807920164996514,21.748405893769295,22.798460006713867,1974100.0,107000000,0.018449532710280374
2019-07-01,22.968743396037485,23.233620658434393,22.703864329299556,22.874143600463867,731900.0,107000000,0.006840186915887851
2019-07-02,22.95927750471732,23.016036646156287,21.667995759852232,21.7105655670166,590600.0,107000000,0.005519626168224299
2019-07-03,21.76732739106023,22.088965572754013,21.61596845900913,21.73894691467285,624100.0,107000000,0.005832710280373831
2019-07-05,21.710573074044387,22.37276809804601,21.559214108310233,22.23086929321289,1173800.0,106860000,0.010984465655998503
2019-07-08,22.193024159936652,22.940360480860658,22.193024159936652,22.467363357543945,635900.0,107000000,0.005942990654205608
2019-07-09,22.230864620605306,22.34438472321623,21.095670811859346,21.682188034057617,797600.0,107000000,0.007454205607476635
2019-07-10,21.824088894813915,22.16464743085336,21.757869580437575,21.94706916809082,874500.0,107000000,0.008172897196261682
2019-07-11,21.937606054038383,21.937606054038383,21.1618910969358,21.72002601623535,802300.0,107000000,0.007498130841121495
2019-07-12,21.64435238304413,22.2214095792245,21.64435238304413,21.98491096496582,710500.0,107000000,0.00664018691588785
2019-07-15,22.07950793893479,22.249787208050332,21.682190245778855,21.757869720458984,491900.0,107000000,0.004597196261682243
2019-07-16,21.549749151779377,22.117344244800595,21.351089425749315,21.73894691467285,909000.0,107000000,0.008495327102803738
2019-07-17,21.767327637991766,21.89976625395368,21.265950042171813,21.615968704223633,637700.0,107000000,0.005959813084112149
2019-07-18,21.388933181762695,21.663270609505712,21.303793544518744,21.388933181762695,589800.0,107000000,0.0055121495327102804
2019-07-19,21.3132496644976,21.66326650295832,21.3132496644976,21.51190757751465,765200.0,107000000,0.0071514018691588785
2019-07-22,21.464614147756517,22.117349006116687,21.464614147756517,21.767332077026367,966700.0,107000000,0.009034579439252337
2019-07-23,22.03220592054105,22.353842290539635,21.814625881894493,22.174104690551758,825000.0,107000000,0.007710280373831775
2019-07-24,21.984907055031425,22.448444040019147,21.98017787749746,22.30654525756836,559800.0,107000000,0.00523177570093458
2019-07-25,22.27816173182316,22.429520652977796,21.398388679239584,21.426767349243164,550700.0,107000000,0.005146728971962617
2019-07-26,21.436233066610402,21.682191828358565,21.303794427338747,21.549753189086914,588400.0,107000000,0.005499065420560748
2019-07-29,21.57812848537486,21.74840774023802,20.802413483745678,20.849714279174805,622700.0,107000000,0.005819626168224299
2019-07-30,20.622674376008796,21.322711724027457,20.27265750634034,20.92539405822754,1324700.0,107000000,0.0123803738317757
2019-07-31,20.92539111705876,21.549747103510708,19.6009978809819,19.922636032104492,2338300.0,107000000,0.021853271028037382
2019-08-01,19.686140056432606,19.79020000248008,16.885997911344752,17.60495376586914,2364700.0,107000000,0.0221
2019-08-02,17.406292543473977,17.64279108836993,17.11303485301839,17.425212860107422,1482600.0,104000000,0.014255769230769232
2019-08-05,16.867077229235438,17.302235517949658,16.706258136240745,17.0751953125,1347200.0,104000000,0.012953846153846154
2019-08-06,16.971142285299663,17.25493992108961,16.611663355334947,16.92384147644043,1362700.0,104000000,0.013102884615384615
2019-08-07,16.37516041625644,16.781938243728156,16.271102272823384,16.70625877380371,1271400.0,104000000,0.012225
2019-08-08,16.829241293874205,17.718474733485127,16.829241293874205,17.500896453857422,1355200.0,104000000,0.013030769230769231
2019-08-09,17.46305312429927,17.510353919770477,17.008976313820828,17.150875091552734,993100.0,107546000,0.009234188161344912
2019-08-12,17.075200390276642,17.472518161455586,16.933301572928734,17.44413948059082,794400.0,103600000,0.007667953667953668
2019-08-13,17.41575536869192,18.522568800466637,17.236015941831827,17.77523422241211,1079600.0,103600000,0.01042084942084942
2019-08-14,17.236012408696055,17.869828548324854,17.188713423905792,17.330612182617188,1264500.0,103600000,0.012205598455598456
2019-08-15,17.31169589222459,17.92186268133228,17.254936736410702,17.86037254333496,888000.0,103600000,0.008571428571428572
2019-08-16,17.94550724912796,18.361745154207508,17.850909283540343,18.144166946411133,1046200.0,103600000,0.010098455598455599
2019-08-19,17.813073602165435,18.64554783923883,17.66171464997027,18.51310920715332,1118800.0,103600000,0.0107992277992278
2019-08-20,18.308200366626693,18.603648962495125,17.755428095834564,18.44162940979004,752800.0,103600000,0.007266409266409267
2019-08-21,18.632235298636974,18.956274331466243,18.532164902036254,18.737071990966797,661700.0,102435000,0.006459706155122761
2019-08-22,18.65130048313134,18.96580880364398,17.283666009457693,17.336084365844727,876900.0,105260000,0.00833079992399772
2019-08-23,17.059694637126032,17.174062107357784,16.297250894945254,16.688003540039062,726000.0,103600000,0.007007722007722008
2019-08-26,16.821432521727328,17.18359470097031,16.573637824826726,17.06922721862793,530000.0,103600000,0.0051158301158301155
2019-08-27,17.16453428103776,17.48857338156448,16.48786375306387,16.573638916015625,679600.0,103600000,0.00655984555984556
2019-08-28,16.54504889645083,16.926270844288712,16.4592737309611,16.592700958251953,723900.0,103600000,0.006987451737451737
2019-08-29,16.811903108336065,17.23601263279637,16.811903108336065,17.12641143798828,546600.0,103600000,0.005276061776061776
2019-08-30,17.336084271085348,17.841202645560372,17.336084271085348,17.564817428588867,563900.0,100372000,0.005618100665524249
2019-09-03,17.164532986159557,17.621999275518313,17.04063472999399,17.52669334411621,725000.0,103600000,0.006998069498069498
2019-09-04,17.869797078618756,17.97463380317911,17.66012544730781,17.726839065551758,1073200.0,103600000,0.01035907335907336
2019-09-05,17.831673912059703,17.893623050709692,15.639646204945269,15.782604217529297,2248700.0,103600000,0.021705598455598454
2019-09-06,15.811195237526812,16.41161956777041,15.668237236784012,16.116172790527344,1501000.0,103600000,0.014488416988416988
2019-09-09,16.11617283634928,17.155003765341977,15.992276386769149,17.12641143798828,1328600.0,112912000,0.011766685560436446
2019-09-10,17.278902756944504,18.12712374846255,17.250312243194262,17.774492263793945,1557000.0,112912000,0.01378949978744509
2019-09-11,17.955570600647007,18.38444641826182,17.345615498092243,17.660123825073242,1279800.0,102156000,0.012527898508163984
2019-09-12,17.479038980889293,18.260544243206716,17.393263835726724,17.507631301879883,1100400.0,103600000,0.010621621621621622
2019-09-13,17.641063562897532,17.769726317584816,17.374207277122824,17.402799606323242,1570300.0,102705000,0.01528942115768463
2019-09-16,18.108057592989084,18.29866945267063,17.75447366578737,17.898386001586914,836500.0,103600000,0.008074324324324325
2019-09-17,17.5362215249316,18.165238034202826,16.973918612430175,17.650588989257812,820600.0,103600000,0.00792084942084942
2019-09-18,17.307497024483713,17.46951661916112,16.111412529813805,16.602235794067383,929200.0,103600000,0.00896911196911197
2019-09-19,16.716601878862726,16.89768119667582,16.15429873493592,16.23054313659668,880100.0,103600000,0.008495173745173746
2019-09-20,15.944622791614224,16.116173123170277,14.600814284837988,14.772364616394043,2760700.0,101281000,0.027257827233143433
2019-09-23,14.696119672737687,14.915322057994247,14.248183217724769,14.324427604675293,1242100.0,103600000,0.01198938223938224
2019-09-24,14.200530214788284,14.867669962371517,13.533391376109837,13.819308280944824,1362000.0,103600000,0.013146718146718146
2019-09-25,13.809776632248733,14.572221360634833,13.743063025270294,14.286304473876953,1037900.0,99946800,0.01038452456706968
2019-09-26,14.200529072125196,14.343487967491718,13.990857479835169,14.276773452758789,570200.0,103600000,0.005503861003861004
2019-09-27,14.219591832481372,14.600813768108974,14.181469638918612,14.248183250427246,562900.0,103531000,0.005437018863915156
2019-09-30,14.181470950833223,14.333959739190858,13.781187426941992,14.028982162475586,1201200.0,103600000,0.011594594594594594
2019-10-01,14.057572047291835,14.591283657141016,13.399963992116284,13.619166374206543,1015000.0,103600000,0.009797297297297298
2019-10-02,13.466677075330056,14.05757149698209,13.237943926736637,13.828838348388672,1050000.0,103600000,0.010135135135135136
2019-10-03,13.647757956262874,13.981327830054491,13.514330733870056,13.819308280944824,572800.0,103600000,0.005528957528957529
2019-10-04,13.847900318756468,14.086164265302402,13.571514177119374,14.000389099121094,658000.0,103671000,0.006347001572281545
2019-10-07,14.048039251211899,14.10522298682607,13.800244578391558,13.809775352478027,566000.0,103671000,0.005459578860047651
2019-10-08,13.666820162559665,13.714473133800654,13.24747510632475,13.380903244018555,759200.0,103671000,0.007323166555738827
2019-10-09,13.504799990254607,13.84789973152561,13.504799990254607,13.743063926696777,524000.0,103600000,0.005057915057915058
2019-10-10,13.895553056444191,14.400672360143778,13.895553056444191,14.067103385925293,764000.0,103600000,0.007374517374517374
2019-10-11,14.372080426498917,15.010627842346018,14.233887817406215,14.78189468383789,1444600.0,103600000,0.013944015444015445
2019-10-14,14.505509528929544,14.85337467775488,14.324428417962356,14.70565128326416,682600.0,103600000,0.006588803088803089
2019-10-15,14.553160244483234,15.301308785989985,14.534098695166138,15.077340126037598,627500.0,103600000,0.006056949806949807
2019-10-16,14.943914152023078,15.353728407177748,14.84860821536695,14.972505569458008,592800.0,103600000,0.005722007722007722
2019-10-17,15.144057235584759,15.344198993197063,14.915323149095801,15.220301628112793,505900.0,103600000,0.004883204633204633
2019-10-18,15.134524470184168,15.306073876373333,14.448324118713309,14.677057266235352,784200.0,103600000,0.00756949806949807
2019-10-21,14.848607624550445,15.287014188600901,14.534099318565985,14.562690734863281,650200.0,103600000,0.006276061776061776
2019-10-22,14.534100517034602,15.163117180871657,14.534100517034602,15.115464210510254,770300.0,103600000,0.007435328185328186
2019-10-23,15.144057821697237,15.963685527547653,14.829549463120628,15.51574993133545,710700.0,107532000,0.0066091954022988505
2019-10-24,15.696828706716605,15.792134652313328,14.93438477756226,15.0678129196167,586100.0,107532000,0.005450470557601458
2019-10-25,15.010626085969381,15.449030800693654,14.677056253830415,15.020156860351562,891900.0,107532000,0.008294275192500837
2019-10-28,15.067811668138395,15.630113791960717,15.02968947484697,15.287014961242676,959400.0,107532000,0.0089219953130231
2019-10-29,13.849197675521538,14.560893271991718,11.935315666178056,12.00263786315918,4435100.0,107532000,0.041244466763382066
2019-10-30,11.512146893904813,12.233459339837761,11.103402991103566,11.38711929321289,2470900.0,107532000,0.02297827623405126
2019-10-31,11.069740183112174,11.19476776452132,9.809847568293907,10.127224922180176,3007400.0,97000000,0.031004123711340207
2019-11-01,10.175312061327173,10.483071681161396,9.73290714921747,9.829082489013672,3243800.0,97000000,0.033441237113402064
2019-11-04,10.031051462482134,10.415751044557819,9.92044953008874,10.011816024780273,1434700.0,97000000,0.014790721649484535
2019-11-05,10.069520679617574,10.531160144133777,10.039706303691588,10.386898040771484,1544300.0,99942304,0.01545191513695742
2019-11-06,10.377282750385447,10.632146837626571,10.204167452093643,10.454222679138184,1571700.0,99942304,0.01572607331525997
2019-11-07,10.521542880384095,10.675423625731222,10.16569554848587,10.444602966308594,1271200.0,97000000,0.013105154639175257
2019-11-08,10.367663268970901,10.627336172301318,10.223401156362542,10.23301887512207,1228600.0,100984000,0.012166283767725581
2019-11-11,10.098373499868519,10.271488767654743,10.00219814727703,10.107991218566895,1254900.0,96800000,0.012963842975206611
2019-11-12,10.127224482625548,10.223399823287817,9.261650085449219,9.261650085449219,1395100.0,96800000,0.014412190082644627
2019-11-13,9.136623041145542,9.415530444661089,8.944273265823798,9.328972816467285,1617200.0,96800000,0.016706611570247935
2019-11-14,9.367441404625735,9.530938919090524,9.165473940710168,9.2808837890625,1071400.0,97503600,0.010988312226420358
2019-11-15,9.280884610775928,9.367442234002825,8.84809741183747,9.146240234375,1401400.0,96301000,0.014552289176644063
2019-11-18,9.175095164197973,9.194330604873338,8.424930404588308,8.646132469177246,1387700.0,96800000,0.014335743801652893
2019-11-19,8.713454246520996,8.790394162928568,8.319136028436999,8.713454246520996,1275200.0,96800000,0.013173553719008264
2019-11-20,8.588426812843789,8.89618648419982,8.487442597432487,8.617279052734375,1674600.0,97553696,0.017165930853096534
2019-11-21,8.598044092633558,8.7759682357745,8.453781967965067,8.6749849319458,1106800.0,95731600,0.011561490667658329
2019-11-22,8.742306632857058,9.405913652328469,8.65574899614423,9.088536262512207,1746600.0,95731600,0.018244759306226994
2019-11-25,9.127004387809865,9.588644718472505,8.920228056579433,9.444381713867188,1551600.0,95731600,0.016207814347613536
2019-11-26,9.473236029726765,9.90602326235676,9.165475465717536,9.23279857635498,1584900.0,95731600,0.016555661871315217
2019-11-27,9.184710714274997,9.47323583585565,9.136623041145542,9.328972816467285,939200.0,95731600,0.00981076259040902
2019-11-29,9.328972677827975,9.50208793164289,9.069300714301667,9.309738159179688,656600.0,95731600,0.0068587592811569014
2019-12-02,9.367443589842951,9.52132342354282,8.540339025108082,8.723071098327637,1934400.0,95731600,0.02020649398944549
2019-12-03,8.626895976829552,8.896185664452117,8.319135416636248,8.751923561096191,1866900.0,95731600,0.019501397657617756
2019-12-04,8.838480834815073,8.838480834815073,8.434546736293829,8.703836441040039,1540100.0,95731600,0.016087686824413257
2019-12-05,8.79039355193197,8.997168989657322,8.636512812616509,8.87695026397705,1595700.0,95731600,0.016668477284407658
2019-12-06,8.915420510017892,9.348207708606056,8.886567357501598,9.261650085449219,1358200.0,95731600,0.014187582783532292
2019-12-09,9.261651001488147,9.598262892707197,9.261651001488147,9.492470741271973,1083800.0,95731600,0.011321235621257766
2019-12-10,9.492472001458031,9.56941192493357,9.300122192769182,9.5309419631958,1043300.0,95731600,0.010898177822161126
2019-12-11,9.53094061043704,9.723290391825033,9.266459775678065,9.482852935791016,1042800.0,97192304,0.01072924457064008
2019-12-12,9.540558549944533,9.829083687312252,9.348208764098096,9.742526054382324,1948200.0,96800000,0.02012603305785124
2019-12-13,9.723291347405521,10.194549504615294,9.713674545288086,9.713674545288086,2887600.0,96800000,0.029830578512396694
2019-12-16,9.771378799815496,10.271489186153792,9.761761080725258,9.92525863647461,1693300.0,96800000,0.01749276859504132
2019-12-17,9.848316664149264,9.944492000600668,9.030829973096262,9.21356201171875,2299100.0,96800000,0.02375103305785124
2019-12-18,9.136621707921071,9.377059121287415,8.780774446202395,9.2808837890625,1674900.0,89858896,0.01863922298800555
2019-12-19,9.319356097093177,9.405913734562764,8.732688990193779,8.74230670928955,2662200.0,96800000,0.02750206611570248
2019-12-20,8.79039398775,8.872142761953443,8.626896439343119,8.694218635559082,5583600.0,96800000,0.05768181818181818
2019-12-23,8.79039407543607,8.925038469211104,8.415311298785314,8.703836441040039,2880200.0,96800000,0.02975413223140496
2019-12-24,8.751924956642359,8.819247159983904,8.56919195157784,8.809629440307617,1071600.0,96800000,0.011070247933884298
2019-12-26,8.848098900665851,9.17509401356895,8.828864379598942,8.982744216918945,871900.0,96800000,0.009007231404958677
2019-12-27,9.05006699931822,9.319356731971869,8.992362515204842,9.175094604492188,1260700.0,96800000,0.013023760330578513
2019-12-30,9.194328886536171,9.250110003116415,8.79039387980825,8.800010681152344,1316200.0,96800000,0.013597107438016528
2019-12-31,8.800010456070353,8.896185804620364,8.655748350441435,8.771158218383789,2246000.0,96800000,0.023202479338842976
2020-01-02,8.92503817559268,10.204165377551268,8.92503817559268,9.607880592346191,5027100.0,96800000,0.05193285123966942
2020-01-03,9.665584475663243,9.925256412542284,9.410720480055842,9.655966758728027,2016400.0,96800000,0.020830578512396693
2020-01-06,9.607881886671342,9.857937096564964,9.463619759453763,9.5309419631958,1526600.0,96800000,0.015770661157024794
2020-01-07,9.33859168197732,9.579029159971384,8.896186685780393,9.117388725280762,1790900.0,96317904,0.01859363550934414
2020-01-08,9.136623151700558,9.396296039424064,8.607660575268149,8.87695026397705,2306200.0,96317904,0.023943627344714644
2020-01-09,8.694218410823552,8.804819420946908,8.174873540248548,8.665366172790527,2009700.0,98069800,0.02049254714499265
2020-01-10,8.578808327858482,8.655748238827933,8.27104868398068,8.290283203125,1905100.0,90157800,0.021130728567023596
2020-01-13,8.27104910375053,9.059683689809988,8.203725990338434,8.694218635559082,2131300.0,94492704,0.02255518055658562
2020-01-14,8.655747413635254,8.9827424626795,8.463397654549226,8.655747413635254,2306600.0,94492704,0.02441035024249068
2020-01-15,8.646128946060735,8.723068843018211,8.030609770400922,8.107549667358398,2580100.0,94492704,0.027304753602987168
2020-01-16,8.280665073323974,8.646130090859684,8.232578319255518,8.35760498046875,1667200.0,94492704,0.01764369024723856
2020-01-17,8.434545814677556,8.521102522419666,8.14602070394906,8.242195129394531,1842800.0,94492704,0.01950203478143667
2020-01-21,8.146020338016124,8.1941080071767,7.5689701424812,7.790173053741455,1954500.0,94492704,0.02068413662921531
2020-01-22,7.799790401429764,7.799790401429764,7.367003182991152,7.626675605773926,2293000.0,94492704,0.024266423786539117
2020-01-23,7.520884381397161,7.578589320352361,7.193889268719605,7.328534126281738,2891200.0,94492704,0.03059707128287915
2020-01-24,7.251593029065579,7.347767911692839,6.996729475453838,7.18427038192749,2004300.0,94492704,0.021211161445861472
2020-01-27,6.972686499257195,7.23235894364423,6.732249033765568,7.174654006958008,1567100.0,94492704,0.016584349200124488
2020-01-28,7.193889315002921,7.251594254329377,6.674544402466723,6.68416166305542,1957300.0,94492704,0.020713768546617103
2020-01-29,6.684160481878169,6.732248152118218,6.24175556662256,6.655308246612549,2179500.0,94492704,0.023065272849002182
2020-01-30,6.5591333612206615,6.924597912177029,6.5495156437385935,6.713013172149658,1262000.0,94492704,0.013355528486093487
2020-01-31,6.5879867371356315,6.5879867371356315,6.203286684606948,6.501429557800293,1991800.0,94492704,0.021078876100317757
2020-02-03,6.491811585836799,6.61683917829423,6.251374119694695,6.5302815437316895,1401200.0,94492704,0.0148286580940683
2020-02-04,6.6841614319280795,7.203506326506183,6.645691473707337,7.126566410064697,3319800.0,94492704,0.03513287121088206
2020-02-05,6.789954796532563,9.49247218242087,6.789954796532563,8.953892707824707,9613500.0,94492704,0.1017380135507605
2020-02-06,9.088534173611153,9.088534173611153,8.059462322982233,8.607659339904785,3733000.0,94492704,0.03950569559317511
2020-02-07,8.549956106629587,8.598042863178897,7.924818182331578,8.174873352050781,2318500.0,93056896,0.024914864987544826
2020-02-10,8.0979319452271,8.20372407417002,7.7901723576143,7.99213981628418,2230300.0,96800000,0.023040289256198346
2020-02-11,8.146021061214993,8.213343253699025,7.742086071918641,7.7613205909729,1767900.0,96800000,0.018263429752066115
2020-02-12,7.905584239977878,8.146021709052176,7.347768926503118,7.424708843231201,2058400.0,94004304,0.021896869743325796
2020-02-13,7.376621545248652,7.472796440124512,7.1650363179236845,7.472796440124512,1287400.0,96800000,0.013299586776859504
2020-02-14,7.463179058643892,7.549736233326397,7.097714005457109,7.165036201477051,1130900.0,96800000,0.01168285123966942
2020-02-18,7.05924399028625,7.174653861315928,6.7322488971041,7.097713947296143,2213400.0,96800000,0.022865702479338845
2020-02-19,7.107331540211069,7.472796607524277,7.06886158139895,7.434326648712158,1759800.0,96800000,0.018179752066115704
2020-02-20,7.405474318596815,7.549736900615839,7.155419573882196,7.241977214813232,1770100.0,96800000,0.018286157024793387
2020-02-21,7.203506502143102,7.203506502143102,6.530281758267367,6.674544334411621,2493100.0,96800000,0.0257551652892562
2020-02-24,6.42448910774371,6.761101936522427,6.08787673756308,6.434106826782227,1647000.0,96800000,0.017014462809917356
2020-02-25,6.453340848848742,6.453340848848742,5.948422139188085,6.2032856941223145,2093000.0,97108800,0.021553144514194388
2020-02-26,6.203285835799348,6.203285835799348,5.260771042439336,5.289623737335205,2435300.0,97108800,0.0250780567775526
2020-02-27,5.203066669131595,5.75126426214803,4.837602065718715,5.712794303894043,2719300.0,97108800,0.028002611503797802
2020-02-28,5.405034351218262,5.982084201984246,5.376182110908913,5.61661958694458,3798700.0,97108800,0.03911797900911143
2020-03-02,5.664707052685611,5.74164697497841,4.717383686207883,4.933777332305908,2946500.0,97108800,0.030342255284793965
2020-03-03,4.962628779145325,5.097274080193574,4.712574071737789,4.895306587219238,3429800.0,97108800,0.035319147183365464
2020-03-04,4.953012706111656,5.299242842515472,4.7125752005586445,4.924160003662109,2610900.0,97108800,0.026886337798428153
2020-03-05,4.827983451818699,4.847218427379809,4.5106061257613765,4.722190856933594,1986100.0,97108800,0.020452317400688712
2020-03-06,4.616399053919678,4.779896128693521,4.327873941075439,4.472136497497559,1786000.0,97108800,0.018391742046034963
2020-03-09,3.750824300311009,4.010496727177261,3.4815341553469503,3.6161792278289795,3281800.0,97108800,0.03379508345278698
2020-03-10,3.9624089646270226,4.020113896119878,3.3661242139361467,3.6354141235351562,3229300.0,97108800,0.033254452737547985
2020-03-11,3.491152169590219,3.515195778977232,2.6640471455373174,2.7409870624542236,2516900.0,97108800,0.02591835137495263
2020-03-12,2.5005496387010417,2.750604602571146,2.41399223058029,2.4813146591186523,2254400.0,97108800,0.02321519779875768
2020-03-13,2.692899213546512,3.356506586074829,2.539019402617515,3.356506586074829,3085200.0,97108800,0.031770550145815826
2020-03-16,2.664046878520833,3.4045941925183776,2.6255769239182096,3.3180367946624756,2740300.0,97108800,0.028218863789893397
2020-03-17,3.3180363624362688,5.106890623525072,3.3180363624362688,4.183610916137695,4907000.0,97108800,0.05053095085100424
2020-03-18,3.972026920196831,3.972026920196831,2.683281997276296,3.164156913757324,2680100.0,97108800,0.02759894056975269
2020-03-19,3.1256871742942467,3.746015841310258,2.8852496993485355,3.664267063140869,2714800.0,97108800,0.02795627172820589
2020-03-20,3.596944560500601,3.7796770927389063,2.971807046758628,3.18339204788208,3313500.0,97108800,0.034121521427512236
2020-03-23,3.4045939488512484,3.6835013290578535,2.8083092365887135,3.058364152908325,2315200.0,97108800,0.02384129965564398
2020-03-24,3.3084194804212443,3.462299306943795,2.9429544338321287,3.164156913757324,1753100.0,97108800,0.01805294679781853
2020-03-25,3.3084195873828786,3.3084195873828786,2.890058451550481,3.000659465789795,2033500.0,97108800,0.0209404297035902
2020-03-26,3.019894107039902,3.1353039589947937,2.462079134694281,2.7313690185546875,4058800.0,97108800,0.041796418038324026
2020-03-27,2.721752251460036,2.8352387735066453,2.5101672375611597,2.70251727104187,2305300.0,97120600,0.023736467855429228
2020-03-30,2.702516887477834,2.7217518651660093,2.4236094817002742,2.596724510192871,2081800.0,97120600,0.02143520530144995
2020-03-31,2.5967248652824066,2.7890748977661133,2.4332273032763982,2.7890748977661133,1960000.0,97120600,0.02018109443310688
2020-04-01,2.6832818700309264,3.087216854095459,2.4716968892970765,3.087216854095459,1764400.0,97120600,0.018167103580496825
2020-04-02,3.0583646014174577,3.6546494011251514,3.02951213329925,3.2603321075439453,2781200.0,97120600,0.028636561141508598
2020-04-03,3.250715030749768,3.2699500119365306,2.8419711072834044,2.894867420196533,2297000.0,97120600,0.02365100709839107
2020-04-06,2.971806754072339,3.2218616890819956,2.9237193106664474,3.1449217796325684,1999400.0,97120600,0.020586775617119333
2020-04-07,3.21224422306301,3.308419339852321,2.8275444438028217,2.885249376296997,2515300.0,97120600,0.02589872797326211
2020-04-08,2.7986922145660404,2.885249620637512,2.7121345791955305,2.8563971519470215,2548500.0,97120600,0.026240571001414737
2020-04-09,2.942954790701051,3.3661248235506167,2.9333373003771546,3.212244749069214,2912200.0,97120600,0.02998539959596625
2020-04-13,3.2699494881940203,3.6161793233997392,3.116069434047575,3.5103869438171387,2548100.0,97120600,0.026236452410714102
2020-04-14,3.5777093990622983,4.183611673395148,3.520004464230413,3.866234302520752,3014800.0,97120600,0.03104181811067889
2020-04-15,3.625796910023249,3.7075456838228207,3.125687007213079,3.375741958618164,2044400.0,97120600,0.021050117070940667
2020-04-16,3.3661243545559882,3.3757418435399016,2.942954380665755,3.010277032852173,1607400.0,97120600,0.016550556730497958
2020-04-17,3.1160694588691267,3.5007694826501163,3.077599502350833,3.2218618392944336,1710800.0,97120600,0.017615212426611862
2020-04-20,3.1545397047345705,3.356507224279917,2.885249755107125,3.3468897342681885,1387400.0,97120600,0.014285331845149227
2020-04-21,3.1930097684214203,3.2795674106355466,3.116069845830247,3.212244749069214,1146300.0,97120600,0.01180285130034205
2020-04-22,3.3084198816072368,3.5392398786798127,3.1930097684214203,3.212244749069214,2291500.0,97120600,0.023594376476257353
2020-04-23,3.308419524053659,3.337271991907152,2.837162090515207,2.8756320476531982,3125400.0,97120600,0.03218060843940421
2020-04-24,2.9237195475782856,2.991041973801736,2.510167042179017,2.5582547187805176,4510900.0,97120600,0.04644637697872542
2020-04-27,2.6832820435716607,2.914102016636913,2.4332270918592234,2.7602219581604004,3304300.0,97120600,0.03402264813026279
2020-04-28,2.84677942130088,2.962189286289231,2.6275005402436022,2.885249376296997,2679500.0,97120600,0.02758940945587239
2020-04-29,2.7794569109635945,3.337271699124858,2.596724401290418,3.1353042125701904,4255300.0,97120600,0.04381459752102026
2020-04-30,3.0583646014174577,3.3276545331530967,2.8563970952909696,3.2603321075439453,3204000.0,97120600,0.0329899115120788
2020-05-01,3.087217483731246,3.298802507617709,2.933337403823164,3.106452465057373,3242700.0,97120600,0.03338838516236514
2020-05-04,2.952571779813128,3.332462927067466,2.9189106840431345,3.1160693168640137,1501600.0,97120600,0.01546118949018025
2020-05-05,3.1641566085187294,3.2507142318866866,2.8035004559495915,2.8371617794036865,2010800.0,97120600,0.020704155452087404
2020-05-06,2.875632324104415,2.9621897359861604,2.692899780832787,2.70251727104187,1349300.0,97120600,0.013893036080913832
2020-05-07,2.8275447244552425,2.9775776096916533,2.548637293750978,2.625577211380005,2857900.0,97120600,0.029426300908355178
2020-05-08,2.702517061327773,3.5729006602550863,2.702517061327773,3.558474540710449,6503000.0,97700000,0.06656090071647902
2020-05-11,3.500769603933829,3.7508245592648857,3.154539524676036,3.558474540710449,2855800.0,97700000,0.029230296827021496
2020-05-12,3.5969444420879353,3.9912619624686214,3.3661244693063925,3.375741958618164,2758500.0,97700000,0.02823439099283521
2020-05-13,3.3661242723464966,3.4045942273426135,2.8390852927222454,2.885249376296997,2738800.0,97700000,0.028032753326509723
2020-05-14,2.894866783524978,2.952571714394151,2.6063418998801025,2.904484272003174,4179200.0,97700000,0.04277584442169908
2020-05-15,2.8948668721687363,3.010276966740068,2.7890744956691167,2.8275444507598877,3694000.0,97700000,0.03780962128966223
2020-05-18,3.0006595334236827,3.2218620254862156,2.8852496571992523,3.096834659576416,3264600.0,97700000,0.03341453428863869
2020-05-19,3.1064523272877693,3.250714910134814,2.98142472491379,3.029512405395508,1663500.0,97700000,0.01702661207778915
2020-05-20,3.1160692307044044,3.255522927521658,3.0487468117268715,3.1930091381073,1756100.0,97700000,0.01797441146366428
2020-05-21,3.2026267807718543,3.34688934339901,3.1016430327926496,3.298801898956299,1858400.0,97700000,0.019021494370522005
2020-05-22,3.2218616959176245,3.269949368724559,2.9910417377806087,3.087216854095459,1485600.0,97700000,0.015205731832139201
2020-05-26,3.202627229653096,3.298802361317478,3.0150860553911816,3.029512405395508,1391300.0,97700000,0.014240532241555783
2020-05-27,3.12568736076355,3.173774812761639,3.00065975626946,3.12568736076355,1644700.0,97700000,0.016834186284544524
2020-05-28,3.096834647231342,3.2507147108828707,3.010277240408068,3.1545395851135254,1738200.0,97700000,0.01779119754350051
2020-05-29,3.0775998565781713,3.1545397784704328,2.98142472491379,3.029512405395508,2342200.0,97700000,0.023973387922210848
2020-06-01,3.0391299990290057,3.0775999612839575,2.923719882965088,2.923719882965088,1704100.0,97700000,0.01744216990788127
2020-06-02,3.0198950179015296,3.0727911013525575,2.9044849018376118,2.923719882965088,1781000.0,97700000,0.018229273285568066
2020-06-03,3.0198950179015296,3.0583649801564814,2.9044849018376118,2.923719882965088,2694000.0,97700000,0.027574206755373594
2020-06-04,2.962189479852225,3.217053292303994,2.894867054209865,3.202626943588257,2900300.0,97700000,0.029685772773797338
2020-06-05,3.308419071694238,4.2701687858403075,3.2891840957552367,4.154758930206299,5901200.0,97700000,0.060401228249744116
2020-06-08,4.568312418384299,4.924159801963315,4.4144325678848615,4.837602615356445,4860100.0,97700000,0.04974513817809621
2020-06-09,4.549076620293837,5.020333807134103,4.43366675314088,4.731809139251709,3595800.0,97700000,0.036804503582395086
2020-06-10,4.664487134966003,4.856837398854172,4.2028471436717485,4.3374924659729,2659000.0,97700000,0.02721596724667349
2020-06-11,3.721971547289035,3.721971547289035,3.2988018173611637,3.3180367946624756,3960400.0,97700000,0.04053633572159673
2020-06-12,3.568091555401206,3.6055998281048507,3.2314790103960136,3.356506586074829,2315500.0,97700000,0.023700102354145342
2020-06-15,3.135304664943759,3.33727218063906,3.0295122768314338,3.279567241668701,2466400.0,97700000,0.0252446264073695
2020-06-16,3.4911517292194922,3.572900265982499,3.318036708693986,3.3949766159057617,2169600.0,97700000,0.02220675537359263
2020-06-17,3.4045945588072715,3.4238295381780097,3.087217169891047,3.096834659576416,2399300.0,97700000,0.024557830092118732
2020-06-18,3.1160694065159165,3.183391829291843,2.9621893537290602,2.981424331665039,2941600.0,97700000,0.030108495394063458
2020-06-19,3.039129818316859,3.1064522482599117,2.909293588777162,3.01989483833313,5987700.0,97700000,0.06128659160696008
2020-06-22,3.019894521836086,3.08240808558201,2.933336891681842,3.010277032852173,1744400.0,97700000,0.0178546571136131
2020-06-23,3.029512010819999,3.0535556186302704,2.933336891681842,3.010277032852173,1807500.0,97700000,0.018500511770726716
2020-06-24,2.9621895135344025,3.048747148214977,2.885249597639702,2.9718070030212402,2147400.0,97700000,0.021979529170931423
2020-06-25,2.942954375793081,3.024703146670504,2.885249441985144,2.981424331665039,1427000.0,97700000,0.014605936540429888
2020-06-26,2.9429548640925636,2.9429548640925636,2.7371403825893217,2.923719882965088,3161000.0,97700000,0.03235414534288639
2020-06-29,2.8852497837317985,3.0102773844237207,2.792921832843406,2.8467798233032227,1827600.0,97700000,0.018706243602865918
2020-06-30,2.8467791905602047,2.8660141664992063,2.7313691056271963,2.769839286804199,1600200.0,97700000,0.01637871033776868
2020-07-01,2.789074595175941,2.8852494863341343,2.6063420726763455,2.6351945400238037,2040100.0,97700000,0.020881269191402253
2020-07-02,2.7121342883935995,2.787150836524833,2.5774894489416056,2.6448118686676025,1900000.0,97700000,0.019447287615148412
2020-07-06,2.740986906713509,2.885249472034863,2.659238364283704,2.7794570922851562,1575000.0,97700000,0.016120777891504606
2020-07-07,2.7506039938805027,2.8852490504602026,2.7121340432288723,2.7313690185546875,1092300.0,97700000,0.01118014329580348
2020-07-08,2.702517122551804,2.750604570955049,2.606342225745315,2.6544296741485596,1256000.0,97700000,0.01285568065506653
2020-07-09,2.683281909789659,2.6928993986337466,2.5486370659724336,2.596724510192871,954700.0,97700000,0.009771750255885364
2020-07-10,2.577489661012143,2.7602219581604004,2.5582546823649586,2.7602219581604004,994700.0,97700000,0.010181166837256908
2020-07-13,2.8083096504700116,2.8265827197821776,2.5871071654371525,2.6736645698547363,1313200.0,97700000,0.01344114636642784
2020-07-14,2.654429843919244,2.7313697662853205,2.5871074118489275,2.615959882736206,916300.0,97700000,0.00937871033776868
2020-07-15,2.6928997522898683,2.8708234339215566,2.6255773215398603,2.8467798233032227,1544000.0,97700000,0.015803480040941658
2020-07-16,2.8179272698916,2.9237196579507594,2.712134652533396,2.8660147190093994,854500.0,97700000,0.008746161719549641
2020-07-17,2.885249620637512,3.000659495399474,2.740987047886021,2.8563971519470215,701500.0,97700000,0.00718014329580348
2020-07-20,2.8756323091992075,2.8756323091992075,2.760222197989363,2.7890748977661133,752200.0,97700000,0.007699078812691914
2020-07-21,2.856397457823008,3.0189331176408714,2.8371624766362453,2.894867420196533,1506600.0,97700000,0.015420675537359263
2020-07-22,2.914102016636913,2.9237195059605052,2.750604468836808,2.7602219581604004,771700.0,97700000,0.007898669396110542
2020-07-23,2.7794570633372593,3.0198945168360214,2.726560759363805,2.981424331665039,1532000.0,97700000,0.015680655066530193
2020-07-24,2.981424598390423,3.318037200982274,2.97180710856203,3.279567241668701,3554700.0,97700000,0.03638382804503582
2020-07-27,3.2603323174287944,3.2603323174287944,2.9333371991072994,3.01989483833313,2156100.0,97700000,0.022068577277379733
2020-07-28,2.9910420437383136,3.1160696389471543,2.894867146884622,3.096834659576416,880800.0,97700000,0.009015353121801434
2020-07-29,3.106452055063563,3.250714625268609,2.9718069742522513,3.173774480819702,1151300.0,97700000,0.01178403275332651
2020-07-30,3.0679822739234184,3.2305179228144025,3.0391298040829566,3.0775997638702393,1217100.0,97700000,0.012457523029682702
2020-07-31,3.0198946740260193,3.0583646319003956,2.846779634292289,3.000659465789795,1090000.0,97700000,0.011156601842374617
2020-08-03,2.9814244868526067,3.0679821213689897,2.890058451550481,3.000659465789795,1034500.0,97700000,0.010588536335721597
2020-08-04,2.9718072346772573,3.1545397784704328,2.9621897444407246,3.029512405395508,1400200.0,97700000,0.014331627430910952
2020-08-05,2.9141022698361385,2.99104219111,2.7265610970815746,2.7890748977661133,1982500.0,97700000,0.020291709314227226
2020-08-06,2.750604331698272,2.779457027529556,2.5726806734331418,2.596724510192871,2670800.0,97700000,0.027336745138178097
2020-08-07,2.5197848798973226,2.5572931627669506,2.337052554892642,2.423609972000122,3345500.0,97700000,0.03424257932446264
2020-08-10,2.442844445828423,2.7602218052205982,2.442844445828423,2.71213436126709,3521000.0,97700000,0.036038894575230296
2020-08-11,2.7313693425166234,2.8371619486554374,2.5967244992659766,2.683281898498535,2759100.0,97700000,0.028240532241555785
2020-08-12,2.7794571109431585,2.7794571109431585,2.51978444576178,2.606342077255249,2045100.0,97800000,0.020911042944785276
2020-08-13,2.5967251058323333,2.6255775789828055,2.4524625107808973,2.4620800018310547,1671100.0,97800000,0.017086912065439674
2020-08-14,2.4620796512365395,2.750604570955049,2.413992202833295,2.6544296741485596,2636700.0,97800000,0.026960122699386503
2020-08-17,2.702516799861314,2.702516799861314,2.563063101493671,2.6448118686676025,1533600.0,97800000,0.015680981595092024
2020-08-18,2.615959561792165,2.6640470073712614,2.558254627097249,2.6351945400238037,1416400.0,97800000,0.014482617586912066
2020-08-19,2.6448121239249542,2.683282081766926,2.471697084337045,2.5582547187805176,3166300.0,97800000,0.03237525562372188
2020-08-20,2.5197840533947815,2.5197840533947815,2.3370517883272535,2.471696615219116,2122200.0,97800000,0.021699386503067485
2020-08-21,2.452462149584163,2.452462149584163,2.2793471068785043,2.2985823154449463,1961300.0,97800000,0.020054192229038856
2020-08-24,2.3562873302016434,2.394757289992846,2.1831722818421833,2.2793471813201904,2475600.0,97800000,0.02531288343558282
2020-08-25,2.3178174567493888,2.3370524373614954,2.2216423243898005,2.2601122856140137,1687400.0,97800000,0.01725357873210634
2020-08-26,2.2504947962615773,2.346669928661919,2.1927898544008064,2.2889649868011475,2220700.0,97800000,0.022706543967280165
2020-08-27,2.288964825811245,2.382254452328241,2.2504946379774013,2.2985823154449463,1119200.0,97800000,0.011443762781186095
2020-08-28,2.3370517883272535,2.500549078124515,2.2985818377867213,2.471696615219116,2085900.0,97800000,0.021328220858895706
2020-08-31,2.4524619503541816,2.6448119567013575,2.413991994944551,2.510166883468628,3163600.0,97800000,0.03234764826175869
2020-09-01,2.4909322187668472,2.558254878492285,2.433227278401372,2.519784688949585,828600.0,97800000,0.00847239263803681
2020-09-02,2.5294017701904834,2.5967241836327304,2.3851392263723903,2.500549077987671,1308400.0,97800000,0.013378323108384459
2020-09-03,2.4909320687855874,2.625577150830311,2.4813145793037523,2.529402256011963,1629900.0,97800000,0.01666564417177914
2020-09-04,2.577489532504696,2.712134376321922,2.4620794370766244,2.596724510192871,1535900.0,97800000,0.015704498977505112
2020-09-08,2.596724682384807,2.664047108757651,2.4716970898219177,2.529402256011963,1436600.0,97800000,0.01468916155419223
2020-09-09,2.5390196533262395,2.6255770555206803,2.4813144892309174,2.606342077255249,1066400.0,97800000,0.010903885480572598
2020-09-10,2.606342077255249,2.966998263680628,2.5678721207243864,2.606342077255249,2934100.0,97800000,0.030001022494887526
2020-09-11,2.61595924892767,2.827544213469504,2.5774892970653367,2.798691749572754,2401800.0,97800000,0.024558282208588956
2020-09-14,2.7890748137333605,2.914102182036404,2.673664706000736,2.80830979347229,2244800.0,97800000,0.022952965235173824
2020-09-15,2.875632119386498,3.048747160124883,2.750604526270154,2.914102077484131,3040700.0,97800000,0.031091002044989775
2020-09-16,2.9429542942726923,3.193009229812875,2.894866850764776,3.087216854095459,3744100.0,97800000,0.03828323108384458
2020-09-17,3.0679821147049346,3.673884408508337,2.9910419698242694,3.587327003479004,6934600.0,97800000,0.07090593047034764
2020-09-18,3.5680916214027625,4.010496544605123,3.4815339968550774,3.9143216609954834,5854600.0,97800000,0.059862985685071576
2020-09-21,3.7989120572337334,3.866234484370806,3.596944546523476,3.7123544216156006,3089300.0,97800000,0.0315879345603272
2020-09-22,3.6835024159088428,3.890278812058726,3.6450324527086044,3.7700600624084473,2407300.0,97800000,0.024614519427402864
2020-09-23,3.779676788928478,3.8595019693576074,3.3757417984066342,3.385359287261963,1796800.0,97800000,0.018372188139059303
2020-09-24,3.346889347387778,3.510386887986872,3.26033194728774,3.269949436187744,2148400.0,97800000,0.02196728016359918
2020-09-25,3.2218624037631223,3.308420050393167,2.91410246839836,2.933337450027466,1809300.0,97800000,0.0185
2020-09-28,2.9429545289782304,3.1833919949921192,2.8756321026980713,3.000659465789795,2076800.0,97800000,0.021235173824130878
2020-09-29,2.9429544670161856,2.9429544670161856,2.308199716855262,2.3466696739196777,5623700.0,97800000,0.05750204498977505
2020-09-30,2.3659047528043935,2.394757221826515,2.212024688720703,2.212024688720703,3125100.0,97800000,0.03195398773006135
2020-10-01,2.231259857666496,2.250494838649039,2.067762519314883,2.1158499717712402,3553300.0,97800000,0.036332310838445805
2020-10-02,2.0677623349370817,2.313008435245978,2.0196746574695363,2.2985823154449463,2858800.0,97800000,0.02923108384458078
2020-10-05,2.4043747401866424,2.423609719764212,2.0869973478576997,2.0966148376464844,3092000.0,106246000,0.02910227208553734
2020-10-06,2.2024069721889763,2.2216419495557695,2.038909435272217,2.038909435272217,2395600.0,106246000,0.0225476723829603
2020-10-07,2.0581443600311347,2.0677618473972106,1.9715867444374646,1.9908217191696167,2276800.0,106246000,0.02142951264047588
2020-10-08,2.0292917091059604,2.067761888636497,1.9331168335270963,1.9812042713165283,2532000.0,106246000,0.0238314854206276
2020-10-09,2.0004395704923956,2.029292037839994,1.8273246517572896,1.9619696140289307,4655600.0,106246000,0.04381906142348888
2020-10-12,1.9523522654965815,1.9715872451133718,1.8273247833379216,1.846559762954712,2371000.0,106246000,0.02231613425446605
2020-10-13,1.827324517344583,1.8369420057530144,1.6638270997517404,1.6830620765686035,3178900.0,106246000,0.029920185230502796
2020-10-14,1.6926798471575513,1.7744286269067675,1.644592397098909,1.6734448671340942,2007000.0,106246000,0.01889012292227472
2020-10-15,1.663827102680689,1.673444591106051,1.5387996385014786,1.59650456905365,2292000.0,106246000,0.021572576849951997
2020-10-16,1.6157397085910534,1.7022972277841775,1.5580347722286487,1.586887240409851,2080000.0,106246000,0.019577207612521883
2020-10-19,1.5965044896701979,1.604198502957817,1.452242055813466,1.4714770317077637,2337000.0,106246000,0.021996122206953673
2020-10-20,1.4907120841096253,1.5965045716073318,1.4810945956688797,1.5676521062850952,2185200.0,106246000,0.020567362536001357
2020-10-21,1.577269629361366,1.7022970964860624,1.558996446782488,1.6157395839691162,2962400.0,106246000,0.027882461457372512
2020-10-22,1.6061219801528122,1.6349745586893059,1.4714770340306753,1.5291820764541626,2368800.0,106246000,0.022295427592568192
2020-10-23,1.5387998891421588,1.5820785941055497,1.4810948345414467,1.509947419166565,1452400.0,106246000,0.013670161700205184
2020-10-26,1.5195645860930076,1.5387995619873052,1.404154616077722,1.4714770317077637,1619800.0,106246000,0.015245750428251416
2020-10-27,1.4810945230971064,1.5099471016551087,1.3753020407830987,1.3849196434020996,2166200.0,106246000,0.020388532274156202
2020-10-28,1.3368325171167965,1.346450008166954,1.2310400009155273,1.2310400009155273,2273500.0,106246000,0.021398452647629088
2020-10-29,1.2118045884554085,1.2598920266284421,1.1252470850944518,1.2502745389938354,2583200.0,106246000,0.02431338591570506
2020-10-30,1.2598923091417153,1.3560673217031836,1.1925698806033531,1.2406573295593262,1569900.0,106246000,0.01477608568793178
2020-11-02,1.2598923444747925,1.3079799094288802,1.1829524239874922,1.2598923444747925,10960500.0,106246000,0.10316153078704139
2020-11-03,1.2887449293070552,1.3079799094288802,1.2118048941702297,1.2598923444747925,1790900.0,106246000,0.016856163996762232
2020-11-04,1.2791272932117204,1.2791272932117204,1.1540998220443726,1.1540998220443726,1315000.0,106246000,0.012376936543493403
2020-11-05,1.154099818024688,1.2118047516011665,1.1348647255163502,1.1829522848129272,2128000.0,106246000,0.020028989326657004
2020-11-06,1.1829521631483664,1.2118046269691802,1.1060121449766962,1.1252471208572388,1674500.0,106246000,0.015760593339984565
2020-11-09,1.2310396065910885,1.3993458753563506,1.0194546419630732,1.0386897325515747,5234400.0,106246000,0.049266795926434875
2020-11-10,1.038689837890719,1.0579248157804433,0.7693998608107991,0.7992140650749207,12825300.0,106246000,0.12071325038119082
2020-11-11,0.8174872778008248,0.9328972477803471,0.8078697325319063,0.8655747175216675,6429700.0,106246000,0.06051710182030382
2020-11-12,0.8944274120790232,0.9809848776819398,0.8357606783862422,0.9482854008674622,3934200.0,106246000,0.037029158744799805
2020-11-13,0.9328972470782843,1.0290722410970918,0.9232797018166036,1.0098371505737305,2845800.0,106246000,0.02678500837678595
2020-11-16,1.1252472405061293,1.1540998220443726,1.0579248177657563,1.1540998220443726,3182100.0,106246000,0.029950304011445137
2020-11-17,1.115629755288366,1.144482336923467,1.0386898433267966,1.0963947772979736,2395100.0,106246000,0.02254296632343806
2020-11-18,1.096394854686311,1.1156298340343922,1.0771598753382297,1.1060123443603516,2098200.0,106246000,0.01974850817913145
2020-11-19,1.0867773590236847,1.1348648071289062,1.0098373274058106,1.1348648071289062,2159400.0,106246000,0.020324529864653728
2020-11-20,1.1252471208572388,1.1252471208572388,1.0771596811558823,1.1252471208572388,1902100.0,106246000,0.017902791634508593
2020-11-23,1.1348647475123066,1.3368322482435404,1.1348647475123066,1.3175972700119019,5670100.0,106246000,0.05336765619411554
2020-11-24,1.42338971065044,1.5965046227824757,1.3945372444033524,1.4426246881484985,5873400.0,106246000,0.055281139995858666
2020-11-25,1.4330074017587553,1.4330074017587553,1.250274860423969,1.4233899116516113,2739000.0,106246000,0.025779794062835308
2020-11-27,1.3945372360306298,1.582078380160223,1.3849197473393433,1.5580346584320068,1609100.0,97800000,0.016452965235173825
2020-11-30,1.5676521720299081,1.5868871497180832,1.2983622550964355,1.2983622550964355,4691100.0,97800000,0.047966257668711654
2020-12-01,1.4041547916927442,1.4041547916927442,1.2598922251438622,1.2887448072433472,2061500.0,97800000,0.021078732106339468
2020-12-02,1.3079797764480048,1.3656847109466823,1.298362287364892,1.3464497327804565,1872900.0,97800000,0.019150306748466257
2020-12-03,1.375302301285573,1.394537395517484,1.2118048601857423,1.2406573295593262,2390200.0,97800000,0.024439672801635993
2020-12-04,1.2598920266284421,1.2791271165471518,1.231039563724622,1.2502745389938354,1808000.0,97800000,0.018486707566462167
2020-12-07,1.2791274550235243,1.2791274550235243,1.1637174582195258,1.202187418937683,2602500.0,97800000,0.02661042944785276
2020-12-08,1.2118049273062597,1.606122374534607,1.1829524563345697,1.606122374534607,8494200.0,97800000,0.08685276073619631
2020-12-09,1.586887358122584,1.596504848229728,1.4137724215444674,1.4233899116516113,3639800.0,97800000,0.03721676891615542
2020-12-10,1.4233897649423668,2.0927677411635446,1.4233897649423668,1.9619696140289307,11272300.0,97800000,0.11525869120654397
2020-12-11,2.2024070342800215,2.3081996420789443,1.7792371763318897,1.9138821363449097,7843000.0,97800000,0.08019427402862986
2020-12-14,1.9812042318035408,2.3466692103124,1.9042643328749327,1.9908217191696167,7563300.0,97800000,0.07733435582822086
2020-12-15,2.038909363345368,2.067762057676735,1.788854551748761,1.9427344799041748,3969100.0,97800000,0.040583844580777094
2020-12-16,1.9234995710714577,2.0581446419380276,1.8754121276544748,2.038909435272217,2744200.0,97800000,0.028059304703476482
2020-12-17,2.0485270741327124,2.058144562444645,1.913882008466648,2.029291868209839,2586800.0,97800000,0.026449897750511247
2020-12-18,2.019674301147461,2.163936849500422,1.9619693735258763,2.019674301147461,5029000.0,97800000,0.051421267893660534
2020-12-21,1.9234996252994458,2.000439536935736,1.8273246211045713,1.9138821363449097,2786900.0,97800000,0.028495910020449898
2020-12-22,1.9138821015708956,1.9715870342496515,1.798472121563874,1.8369420766830444,2769300.0,97800000,0.0283159509202454
2020-12-23,1.827324675164562,1.9138821929656378,1.731149668124424,1.788854718208313,2772900.0,97800000,0.02835276073619632
2020-12-24,1.8177071626273085,1.8177071626273085,1.644592243893547,1.6542097330093384,1441900.0,97800000,0.014743353783231083
2020-12-28,2.4236095116436704,2.837161995646867,2.2312595030864375,2.308199644088745,18184000.0,97800000,0.18593047034764826
2020-12-29,2.3562870125557733,2.3659045012070616,1.9908219852087887,2.1831719875335693,4715500.0,97800000,0.04821574642126789
2020-12-30,2.173554498882281,2.279346874046451,2.115849566974552,2.1831719875335693,2420900.0,97800000,0.02475357873210634
2020-12-31,2.154319442372864,2.423609344007096,2.135084465777491,2.317816972732544,3798800.0,97800000,0.03884253578732106
2021-01-04,2.365904531072599,2.8467794283052728,2.3562870422999063,2.8275444507598877,5766000.0,97800000,0.05895705521472393
2021-01-05,2.933336862593649,3.6065617726886727,2.933336862593649,3.298801898956299,9013300.0,97800000,0.09216053169734151
2021-01-06,3.4045943719978387,3.414211861155498,2.9621894121474477,3.164156913757324,5795900.0,97800000,0.05926278118609407
2021-01-07,3.19300922303846,3.4334466693669383,3.1353042909513897,3.1449217796325684,2103900.0,97800000,0.021512269938650307
2021-01-08,3.2314791846192077,3.4045942105467244,2.981424249079025,3.087216854095459,2580000.0,97800000,0.02638036809815951
2021-01-11,2.942954209748879,3.4045941127642734,2.817926860219174,3.1930091381073,4094800.0,97800000,0.04186912065439673
2021-01-12,3.279566682365231,3.5488565809340793,3.2343642815115454,3.3276541233062744,3855200.0,97800000,0.03941922290388548
2021-01-13,3.462299519407133,3.971065483754436,3.2507147449547666,3.8373820781707764,6755500.0,97800000,0.06907464212678936
2021-01-14,3.972026416035406,4.342299816256741,3.8566165607922365,4.039348602294922,5795900.0,97800000,0.05926278118609407
2021-01-15,3.991261900362935,4.1739944237422275,3.635414342766469,3.8085293769836426,4202100.0,97800000,0.042966257668711656
2021-01-19,3.943174289628208,4.058584161457779,3.798911949841244,3.9047043323516846,3062100.0,97800000,0.03130981595092024
2021-01-20,3.9527920243618317,3.991261981795197,3.500769565921725,3.8181469440460205,3436400.0,97800000,0.035137014314928425
2021-01-21,3.808529174443953,3.827764151745265,3.2026267015555896,3.3180367946624756,4473500.0,97800000,0.04574130879345603
2021-01-22,3.212244590208042,3.298802228141471,3.106452201877129,3.2507147789001465,2509400.0,97800000,0.02565848670756646
2021-01-25,3.1833917411112918,3.193009229812875,2.9525717829742755,3.087216854095459,3258100.0,97800000,0.033313905930470344
2021-01-26,3.356507032693243,3.6450319458753797,3.2026269719898863,3.558474540710449,4612100.0,97800000,0.04715848670756646
2021-01-27,3.394977121059219,5.010717018012576,3.3853596312267187,4.491372108459473,12742500.0,97800000,0.13029141104294478
2021-01-28,4.45290162966586,4.472136607086959,3.780638412111675,4.135524272918701,4252400.0,97800000,0.043480572597137016
2021-01-29,4.173994346519008,4.222081562140912,3.562321313367923,3.683501720428467,3524600.0,97800000,0.036038854805725974
2021-02-01,3.9143220654202513,3.9816442616036674,3.5680919900553034,3.875852108001709,2440000.0,97800000,0.024948875255623722
2021-02-02,4.212464498898956,4.347109350956555,3.875852139455922,4.173994541168213,3818100.0,97800000,0.0390398773006135
2021-02-03,4.135523708447545,4.452901021874836,4.0489660925681115,4.183610916137695,3086700.0,97800000,0.031561349693251535
2021-02-04,3.539239561784909,3.904704390669206,3.394976990544323,3.558474540710449,7768100.0,97800000,0.07942842535787321
2021-02-05,3.654649620738181,3.7219720503928317,3.1449221947548733,3.4334471225738525,4921600.0,97800000,0.050323108384458075
2021-02-08,3.5200045009822523,3.7027367965244355,3.3661244438582254,3.577709436416626,3888900.0,97800000,0.0397638036809816
2021-02-09,3.520004577345078,3.6546494296129297,3.3757420063304875,3.587327003479004,2871700.0,97800000,0.029362985685071574
2021-02-10,3.5873271858971396,3.6931195752014983,3.346889708179096,3.491152286529541,2326300.0,97800000,0.02378629856850716
2021-02-11,3.4526822175478467,3.7315898940107792,3.3949772759206422,3.6257972717285156,3184300.0,97800000,0.03255930470347648
2021-02-12,3.6354140213956363,4.2509339612563455,3.5719385526770795,4.058583736419678,5128300.0,97800000,0.05243660531697342
2021-02-16,4.327874314000823,4.452901904246605,3.919130445350409,3.9912619590759277,4433600.0,97800000,0.04533333333333334
2021-02-17,4.010496209721479,4.068201135068798,3.7604413039174416,3.9624085426330566,2696100.0,97800000,0.027567484662576688
2021-02-18,3.9143219154332973,3.9287480342629615,3.6161792982656014,3.7412068843841553,2362000.0,97800000,0.024151329243353784
2021-02-19,3.779676672494185,3.976835531903404,3.688310416533623,3.7219715118408203,2180200.0,97800000,0.02229243353783231
2021-02-22,3.750824588008339,4.481754251378219,3.750824588008339,4.2990217208862305,4928800.0,97800000,0.050396728016359915
2021-02-23,4.2028471065425945,4.914542297024719,3.9527923618745717,4.808749675750732,7017800.0,97800000,0.07175664621676892
2021-02-24,4.712574071737789,5.097274080193574,4.712574071737789,4.895306587219238,4063400.0,98244096,0.041360246217747275
2021-02-25,4.8376022574860365,4.953012136822959,4.173994763401584,4.202847003936768,4554900.0,98244096,0.046363091375994744
2021-02-26,4.145141532330233,4.347109024550795,4.029731667803636,4.135524272918701,2642900.0,98244096,0.026901362093046284
2021-03-01,4.173994403668439,4.299021532875671,3.919130368850414,3.9239392280578613,2997300.0,98244096,0.03050870354591079
2021-03-02,3.933556846396512,4.4144317485536195,3.8566169354270614,4.1451416015625,2491500.0,98244096,0.02536030256718938
2021-03-03,4.173995143277468,4.616400179597114,4.010497570037842,4.010497570037842,3670500.0,98244096,0.03736102370976063
2021-03-04,4.097054594035984,4.270169402486127,3.731589539820949,3.8181469440460205,3460900.0,98244096,0.03522756217330352
2021-03-05,3.866234302520752,4.048966825454083,3.616179355616888,3.866234302520752,2708400.0,98244096,0.027568068823189133
2021-03-08,3.943174256800023,3.9979941518318056,3.4719168254879103,3.577709436416626,3602900.0,98244096,0.036672941649338396
2021-03-09,3.702737011577858,3.7700596694603963,3.56905383460092,3.7508246898651123,2178200.0,98244096,0.02217130686407863
2021-03-10,3.789294567642723,3.9720270991709596,3.645031994478528,3.7123544216156006,2194900.0,98244096,0.022341291633443297
2021-03-11,3.7700598635278246,3.9037430473862322,3.4815346961483664,3.596944808959961,4402200.0,98244096,0.04480879950282203
2021-03-12,3.5969448009149136,3.74120738428198,3.5584748398301103,3.6257972717285156,2068400.0,98244096,0.02105368245232772
2021-03-15,3.6738838449094735,4.1739939073668735,3.635413893020212,3.8950865268707275,5301600.0,98244096,0.053963548099623206
2021-03-16,3.8566173069382192,3.9287483657710127,3.6835020319825738,3.7508246898651123,2311300.0,98244096,0.023526095654643715
2021-03-17,3.6835016421458815,3.827764203141791,3.5103868441096138,3.673884153366089,2665200.0,98244096,0.027128347743155985
2021-03-18,3.654649204510185,3.750824322362492,3.318036865274663,3.385359287261963,3378200.0,98244096,0.03438578130944377
2021-03-19,3.3565066599119087,3.491151726735735,3.1785830099617542,3.4238290786743164,3007100.0,98244096,0.030608455087214603
2021-03-22,3.462299142756224,3.497884057321198,3.077599365393876,3.087216854095459,4066600.0,98244096,0.04139281814960158
2021-03-23,3.0391293486228546,3.053555466731587,2.760221723365541,2.8179268836975098,6406100.0,98244096,0.06520595395371137
2021-03-24,2.894866799806034,3.0102768914924707,2.6448118686676025,2.6448118686676025,3577000.0,98244096,0.036409312575892604
2021-03-25,2.5871069302666725,2.8467793492139877,2.510166792923718,2.8179268836975098,3815600.0,98244096,0.03883795724477937
2021-03-26,2.8852495486661356,2.914102016636913,2.688090902882973,2.7602219581604004,2580000.0,98244096,0.02626112005753506
2021-03-29,2.6928997522898683,2.942954724374662,2.6736647720755804,2.8467798233032227,2008100.0,98325200,0.020423045160345467
2021-03-30,2.9044846420842694,2.9044846420842694,2.510167105637423,2.625577211380005,5756400.0,98325200,0.05854450334197134
2021-03-31,2.6255767318606176,2.9718065272569736,2.5967242680191713,2.9429540634155273,3639000.0,98325200,0.03700984081395207
2021-04-01,2.9333373825700586,3.077599970769841,2.8371624766362453,2.894867420196533,2720400.0,98325200,0.027667373165780492
2021-04-05,2.9429544252377786,3.414211851184928,2.9429544252377786,3.2218618392944336,5468000.0,98325200,0.05561137938188786
2021-04-06,3.2603317863838446,3.306495639105977,3.015085487588599,3.1930091381073,2602900.0,98325200,0.026472359069699324
2021-04-07,3.1833918029947696,3.385359298953179,3.1737743141062276,3.298801898956299,2434600.0,98325200,0.02476069207080179
2021-04-08,3.3276546976862655,3.404594616472384,3.164157140966718,3.2507147789001465,1620900.0,98325200,0.016485092326280548
2021-04-09,3.2795667632345684,3.4045941127642734,3.164156672831214,3.1930091381073,1570600.0,98325200,0.015973524589830482
2021-04-12,3.221861848703281,3.3372719478942225,3.096834489653708,3.164156913757324,2264900.0,98325200,0.023034786606078606
2021-04-13,3.2314790861201543,3.557512241254699,3.2026266208948595,3.366124153137207,5540900.0,98325200,0.05635279663809481
2021-04-14,3.337272341757693,3.7892948441132477,3.3180373611722698,3.596944808959961,5624600.0,98325200,0.057204053487813905
2021-04-15,3.6450316065530366,3.827764118633815,3.5007692780411177,3.779676675796509,2678600.0,98325200,0.027242253257557573
2021-04-16,3.8181466267304187,3.8277641152894772,3.5680916948958856,3.7219715118408203,2035500.0,98325200,0.020701712277218863
2021-04-19,3.721971911206611,3.789294567642723,3.5584745881594344,3.7123544216156006,2058200.0,98325200,0.02093257883024901
2021-04-20,3.6546492796115944,3.664266768664558,3.375741867776621,3.5103869438171387,1812800.0,98325200,0.018436779177667575
2021-04-21,3.5007697297415197,3.731589714442049,3.375742132933338,3.693119525909424,1521500.0,98325200,0.015474161252659543
2021-04-22,3.7604414659593117,3.923938761488673,3.710430436783672,3.8950865268707275,2606200.0,98325200,0.026505921167716922
2021-04-23,3.8662349784382815,4.125907459878236,3.7796775610579862,4.010497570037842,3339100.0,93226896,0.035816917040764715
2021-04-26,4.039350477907093,4.390389523852313,3.9672193995366216,4.279788017272949,2904700.0,90544096,0.03208050141667989
2021-04-27,4.308639446206727,4.510606956075643,4.212464550697262,4.356727123260498,2597200.0,90544096,0.028684366123662
2021-04-28,4.337492174472532,4.356727153708855,3.9624093914671192,4.125906944274902,2912700.0,98325200,0.029623128150260563
2021-04-29,3.6931192101545425,3.750824373370273,3.3084194214108122,3.7412068843841553,10250200.0,98325200,0.10424794457575474
2021-04-30,3.6161794774870692,3.794103147197833,3.423829458932633,3.558474540710449,4520800.0,98325200,0.045978040217563756
2021-05-03,3.712353783140276,4.202846126521745,3.606561415834037,4.039348602294922,8270500.0,98325200,0.08411373686501528
2021-05-04,3.8854693474373385,4.21246444235767,3.789294454401378,3.9912619590759277,4181200.0,98325200,0.04252419522157087
2021-05-05,4.039349446861048,4.674104700612084,4.024923326588871,4.558694362640381,5947600.0,98325200,0.06048907096044554
2021-05-06,4.577929760146804,4.597164739870191,4.183611987920253,4.433667182922363,5424000.0,98325200,0.05516388474165321
2021-05-07,4.452902712905319,4.924160003662109,4.347110082054512,4.924160003662109,3942400.0,98300000,0.0401057985757884
2021-05-10,4.981864386038735,6.030171938337638,4.979941025625863,5.683941841125488,17619200.0,98300000,0.17923906408952187
2021-05-11,5.481973455803201,6.337931073524611,5.366563594514256,6.270608425140381,8385700.0,98300000,0.08530722278738555
2021-05-12,6.491812159704761,6.895747211906532,6.184052010741955,6.424489498138428,8591300.0,98300000,0.08739877924720243
2021-05-13,6.395636020240363,6.828423230460452,5.837821230677394,6.097493648529053,6595100.0,98300000,0.06709155645981689
2021-05-14,6.280227422025011,6.6995502786072185,6.0109372322375965,6.2513747215271,4758600.0,98300000,0.048408952187182094
2021-05-17,6.299461296483549,8.367222974344863,6.299461296483549,8.271048545837402,44749700.0,98300000,0.45523601220752796
2021-05-18,7.982524087493017,8.184491596452103,6.357166755611742,6.414871692657471,24176900.0,98300000,0.2459501525940997
2021-05-19,6.0686411031744845,6.395636177626351,5.5877662094972855,6.174433708190918,10817700.0,98300000,0.11004781281790438
2021-05-20,6.212904380241639,6.260992058600021,5.751264410673904,6.1455817222595215,3942100.0,98300000,0.04010274669379451
2021-05-21,6.193669437710564,6.3475492756220016,5.578149627466721,5.61661958694458,6434300.0,98300000,0.0654557477110885
2021-05-24,5.607000757812091,5.722410613399091,5.2174923805564655,5.597383499145508,7318900.0,99725696,0.07339031256297274
2021-05-25,5.462738450173127,5.565646011615658,5.164596080780029,5.164596080780029,5573900.0,99725696,0.0558923148553408
2021-05-26,5.2800068592647,5.5492970395960795,5.231919638254236,5.453122138977051,3910300.0,99725696,0.03921055612387002
2021-05-27,5.530061271367069,6.496619916686929,5.510826293984497,6.232138633728027,9866600.0,99725696,0.09893738921611538
2021-05-28,6.2321383934641545,6.414870900852837,5.857056119665289,6.376400947570801,5956700.0,99725696,0.05973084409458521
2021-06-01,6.828424004554903,7.16503636828544,6.645691473707337,7.126566410064697,6165000.0,102347000,0.06023625509296804
2021-06-02,7.261211561217929,7.386238693360384,6.876511528953749,7.222741603851318,4922000.0,102347000,0.048091297253461264
2021-06-03,7.126566284315864,7.9248185912081635,7.02077413037457,7.520884037017822,6577700.0,102347000,0.06426861559205448
2021-06-04,7.61705886601714,8.059463832580624,7.290063771096808,7.9825239181518555,4602600.0,102347000,0.04497054139349468
2021-06-07,7.722850525654242,7.963287972181924,7.11694850893899,7.338150978088379,5045000.0,102347000,0.04929309115069323
2021-06-08,7.405474109476951,8.290284098369904,7.347769170018466,8.16525650024414,7098500.0,102347000,0.06935718682521227
2021-06-09,8.107551058386129,8.626895910552026,7.843069314670744,8.280665397644043,5996300.0,102347000,0.0585879410241629
2021-06-10,8.41530958986143,9.030829707196125,8.405691873060272,8.607659339904785,5779600.0,102347000,0.05647063421497455
2021-06-11,8.800012110619281,9.164515998055828,8.598044574447874,8.857717514038086,4768900.0,102347000,0.04659540582528066
2021-06-14,9.146241880114031,9.382831720016439,8.242196449513846,8.405694007873535,7908600.0,102347000,0.07727241638738801
2021-06-15,8.405692281509603,8.655747427314623,7.9344351417050705,8.309517860412598,4133800.0,102347000,0.04039004562908537
2021-06-16,8.117168599583632,8.598043540528534,7.8382611705234355,8.136404037475586,5657200.0,102347000,0.055274702726997374
2021-06-17,8.078697384617591,8.203724959882837,6.9438328655741515,7.405472755432129,11163700.0,102347000,0.1090769636628333
2021-06-18,7.222741603851318,7.809408682991176,7.049626337103501,7.222741603851318,13608900.0,102347000,0.13296823551252113
2021-06-21,7.213124094707706,7.213124094707706,6.688970337116587,6.89574670791626,9487100.0,102347000,0.09269543806853156
2021-06-22,6.857276238477597,7.421823272831447,6.741866371625323,7.299681186676025,6736000.0,102347000,0.06581531456710993
2021-06-23,7.4343268327569945,7.838261410284076,7.193889354929922,7.693999290466309,6010700.0,102347000,0.05872863884627786
2021-06-24,7.64591129617014,8.184491627859874,7.530501421635801,8.126786231994629,5288800.0,102347000,0.051675183444556266
2021-06-25,8.117168465091815,8.184491579402028,7.472796440124512,7.472796440124512,8022600.0,102347000,0.07838627414579812
2021-06-28,7.472796034099162,7.540118686153406,6.520663938663979,6.722630977630615,8671100.0,102347000,0.08472256148201705
2021-06-29,6.847658010376722,7.193888043750245,6.597603317483297,6.655308246612549,5141000.0,102347000,0.05023107663145964
2021-06-30,6.684160801118298,7.636293323720489,6.655308564474675,7.626675605773926,7418900.0,102347000,0.07248771336727017
2021-07-01,7.742086526018856,8.097933862757115,7.5497362796158,7.876730918884277,6815000.0,102347000,0.06658719845232396
2021-07-02,7.9248184000682675,8.376841078180728,7.799790811773496,8.203725814819336,6369400.0,102347000,0.06223338251243319
2021-07-06,8.309518870556467,8.338371108673382,7.463178909159374,7.732468605041504,7149100.0,102347000,0.0698515833390329
2021-07-07,7.742087230560663,10.13684437035063,7.70361726949884,9.627117156982422,45548100.0,102347000,0.4450360049635065
2021-07-08,8.684600655133769,9.598262804623811,8.482633155377352,9.482852935791016,10703800.0,102347000,0.1045834269690367
2021-07-09,9.646350889179361,10.752363784252125,9.548253092680412,10.588866233825684,13051200.0,102347000,0.12751912611019375
2021-07-12,10.367662367075596,10.837958317468914,10.107990403530495,10.127224922180176,6869200.0,102347000,0.06711676942167333
2021-07-13,10.069520880528971,10.675423377692775,9.704055838563686,9.944493293762207,5493600.0,102347000,0.053676219136857946
2021-07-14,10.271487841637281,11.339029756617988,10.175312497716401,10.57924747467041,12002100.0,102347000,0.1172687035281933
2021-07-15,10.550396356882386,11.069741251282636,9.70886521854519,10.011816024780273,7932500.0,102347000,0.07750593568937048
2021-07-16,10.088757234217242,10.194550320744103,8.328754815557659,8.376842498779297,9152500.0,102347000,0.08942616784077696
2021-07-19,7.934435938190291,8.896185748880024,7.713233921985778,8.530720710754395,7812800.0,102347000,0.07633638504303986
2021-07-20,8.569190634912996,9.040447820287117,8.15563792433778,8.761540412902832,6544500.0,102347000,0.06394422894662276
2021-07-21,9.146240488813797,10.41094102671158,9.146240488813797,10.223400115966797,10295800.0,102347000,0.10059698867577946
2021-07-22,9.963728025831147,10.78121575782721,9.694438327077904,10.560012817382812,8469000.0,102347000,0.08274790663136193
2021-07-23,10.396515830404018,11.021652838867352,10.050285312440002,10.51192569732666,10153700.0,102347000,0.09920857475060334
2021-07-26,10.502308873760398,11.767009575734916,10.502308873760398,11.56985092163086,12061500.0,102347000,0.11784908204441752
2021-07-27,11.502529389128131,11.52176391110322,9.646351700122853,9.867554664611816,9221300.0,102347000,0.09009839076865957
2021-07-28,10.098373626735608,10.723510674845544,9.699247467700093,10.358046531677246,8295400.0,102347000,0.08105171622030934
2021-07-29,9.780997883739474,11.435208193044673,9.232800659847271,11.300562858581543,10727700.0,102347000,0.10481694627101917
2021-07-30,11.16591344087468,11.685258230748016,10.790831653141474,11.262088775634766,6434800.0,102347000,0.06287238512120531
2021-08-02,11.387119149576469,11.925698588782922,11.088976272118607,11.252473831176758,5464700.0,113625000,0.048094169416941696
2021-08-03,11.25247334540096,11.480408513192266,10.704276210575618,10.954331398010254,6058800.0,113625000,0.053322772277227724
2021-08-04,10.790833742164457,11.15629880092967,10.463838641311572,10.588866233825684,4384800.0,113625000,0.03859009900990099
2021-08-05,10.80044989850474,11.704495231229236,10.560012446617854,11.21400260925293,6994100.0,113625000,0.06155423542354235
2021-08-06,11.54099834176505,12.04110871016235,11.230353180424622,11.87761116027832,6600200.0,113625000,0.058087568756875686
2021-08-09,11.492909136666983,11.800669675208308,10.788908911119995,11.108209609985352,7584800.0,113625000,0.06675291529152916
2021-08-10,11.214001511832192,12.425806370879924,11.079357138957555,12.2334566116333,8257300.0,114300000,0.07224234470691164
2021-08-11,12.108430572190926,13.397175498139207,11.800670918422782,13.01247501373291,8357100.0,114300000,0.07311548556430446
2021-08-12,12.810507880565215,13.235601694191004,12.214223075619582,13.175972938537598,5825300.0,114300000,0.05096500437445319
2021-08-13,13.022092016870339,13.243294943761951,12.560452561577335,12.92591667175293,3772600.0,114300000,0.03300612423447069
2021-08-16,12.69509701329236,13.762639864568454,12.127664491838592,13.397174835205078,6688900.0,114300000,0.05852055993000875
2021-08-17,13.243294244085787,13.685698240103578,12.445041123055553,12.839359283447266,6262700.0,114300000,0.0547917760279965
2021-08-18,12.829743401131422,13.288498316177723,12.079578760014078,12.127665519714355,5320800.0,114300000,0.046551181102362206
2021-08-19,11.73334802200787,12.435425891570874,10.915861197355875,11.51214599609375,8942900.0,114300000,0.0782405949256343
2021-08-20,11.46405790720355,12.4258077254777,11.406352514540817,12.16613483428955,5705000.0,114300000,0.049912510936132984
2021-08-23,12.675863036760743,13.656847385169534,12.637393080297576,13.233677864074707,6583400.0,114300000,0.05759755030621173
2021-08-24,13.445260936937142,13.685698372151577,12.858593925204488,13.0894136428833,5479500.0,114300000,0.04793963254593176
2021-08-25,13.089415149538606,14.248323647292505,12.887447644023199,13.74340534210205,6161200.0,114300000,0.05390376202974628
2021-08-26,13.589525692665697,13.91652079328012,13.200978475997205,13.531820297241211,5114200.0,114300000,0.044743657042869645
2021-08-27,13.772258230969912,15.282206192891113,13.657810492186346,15.00329875946045,6042000.0,114300000,0.052860892388451444
2021-08-30,15.33029131063787,15.484172048100934,14.301219324705329,15.157176971435547,7082800.0,114300000,0.06196675415573053
2021-08-31,14.964826998356843,15.474554125554734,14.695536399251939,15.36876106262207,4869800.0,114300000,0.04260542432195975
2021-09-01,15.262969668402977,16.51324462890625,14.955210016782274,16.51324462890625,6840900.0,114300000,0.0598503937007874
2021-09-02,16.830623490062166,17.58078908314334,15.840020418551536,16.455541610717773,7903800.0,114300000,0.0691496062992126
2021-09-03,16.763299872711656,17.282643828338472,16.368982588167817,16.86909294128418,3695100.0,114300000,0.032328083989501315
2021-09-07,17.06144245034845,18.205925307713688,16.974884815415397,18.013574600219727,5348700.0,114300000,0.04679527559055118
2021-09-08,17.994336224999394,18.52329966705785,17.436521465601455,17.773134231567383,4740200.0,114300000,0.04147156605424322
2021-09-09,17.80199465383267,18.523307232183786,17.566365071105164,18.090518951416016,3634900.0,114300000,0.03180139982502187
2021-09-10,18.302100615105573,19.071499774348105,18.128985345677933,18.244394302368164,4178000.0,114300000,0.03655293088363955
2021-09-13,18.552156101687306,18.696418217088613,16.62865633795698,16.85947608947754,6323400.0,114300000,0.05532283464566929
2021-09-14,16.87870673148322,17.801987409961388,16.465155895731293,17.08067512512207,3703900.0,114300000,0.032405074365704285
2021-09-15,17.21532343685523,18.080898009829276,15.9458138185743,16.26319122314453,7934100.0,114300000,0.06941469816272966
2021-09-16,16.147779164050224,16.243952671423656,14.868651154231603,14.955208778381348,6673700.0,114300000,0.058387576552930885
2021-09-17,14.637831550924354,14.993678850770191,14.089633566019325,14.156956672668457,9138800.0,114300000,0.07995450568678915
2021-09-20,13.137502143913922,14.118487381860472,13.050944515013216,13.65684700012207,6841900.0,114300000,0.0598591426071741
2021-09-21,13.91652006104289,13.92613686211085,12.820124943235163,13.44526195526123,5490600.0,114300000,0.04803674540682415
2021-09-22,14.041548062728525,14.560892940818697,13.443338993172848,13.4933500289917,7030500.0,114300000,0.06150918635170604
2021-09-23,13.560672390334988,13.801109837559395,12.704714748025513,12.935534477233887,7190100.0,114300000,0.06290551181102362
2021-09-24,12.723950294858144,12.916301001934976,12.300780757120638,12.473896026611328,6233200.0,114300000,0.054533683289588804
2021-09-27,12.714333753690005,13.94537335133802,12.666246075935812,13.570290565490723,9460600.0,114300000,0.08276990376202975
2021-09-28,13.781876168080657,13.945373726525968,12.848978496456747,13.377941131591797,7974900.0,114300000,0.06977165354330708
2021-09-29,13.387558312386812,13.493350468280337,12.079578814628064,12.723950386047363,8671900.0,114300000,0.07586964129483814
2021-09-30,12.868213204882428,14.310837991297102,12.772037852242994,14.22428035736084,10201500.0,115618000,0.08823453095538757
2021-10-01,14.38777792672633,15.323560128590337,14.147340461986381,15.051384925842285,9548000.0,115618000,0.08258229687418914
2021-10-04,16.099692729235226,17.407673149641766,15.878490697664214,16.37860107421875,18132300.0,115618000,0.15682938642771888
2021-10-05,17.292260119058174,17.715430524017066,16.46515657884698,16.821002960205078,11682900.0,115618000,0.10104741476240724
2021-10-06,15.993901509139583,16.349749812184545,14.98406475449696,16.022754669189453,9211100.0,115618000,0.07966839073500666
2021-10-07,15.676521579670213,16.28531050207588,14.868652488564107,15.820785522460938,6806000.0,115618000,0.05886626649829611
2021-10-08,15.811166491947565,16.290117092340644,15.176410882957287,15.43608283996582,5051800.0,115618000,0.04369388849487104
2021-10-11,16.349747159176296,17.215321641901298,15.493790394907284,16.051605224609375,8257200.0,115618000,0.07141794530263454
2021-10-12,16.13816053313833,16.34974480553473,15.330289725858684,15.888105392456055,4986600.0,115618000,0.04312996246259233
2021-10-13,15.878489998941886,15.917922094387558,15.022532315441461,15.820785522460938,3873200.0,115618000,0.03349997405248318
2021-10-14,16.128544740099553,16.715210876308912,14.91673976041344,15.070619583129883,7379000.0,116110000,0.06355180432348635
2021-10-15,15.320676072738644,16.099692971612306,15.022533202658636,15.349528312683105,5878900.0,116110000,0.050632159159417794
2021-10-18,15.532260490310787,18.965707333660372,15.513025052091063,18.908002853393555,22257000.0,115618000,0.1925046273071667
2021-10-19,18.273247371487585,18.42616598104468,15.243735674145732,15.29182243347168,22452200.0,115618000,0.19419294573509316
2021-10-20,15.128324341601914,15.21488197280129,13.426027624399884,13.935754776000977,19259300.0,119925000,0.16059453825307485
2021-10-21,13.560671083767824,14.214660253513193,13.031708567400315,13.474113464355469,9394100.0,119925000,0.07833312486971024
2021-10-22,13.252912549043275,14.089634800452645,13.055753905060406,13.608759880065918,7315500.0,119925000,0.06100062539086929
2021-10-25,13.81072708405404,14.147339887909196,13.281765416847513,13.454879760742188,5379800.0,119925000,0.0448597039816552
2021-10-26,13.281767845153809,13.656849756498602,12.762422884125712,13.281767845153809,6481300.0,119925000,0.05404461121534292
2021-10-27,12.810505642772695,13.127882968719154,12.271926327249725,12.550833702087402,8009600.0,119925000,0.06678840942255576
2021-10-28,11.646789828303408,12.675862745108937,11.262090272523084,11.560233116149902,11626900.0,119925000,0.09695142797581822
2021-10-29,11.973784834313642,12.04110794405057,10.85815521234266,11.435205459594727,7496800.0,119925000,0.06251240358557432
2021-11-01,11.617938351838891,12.146900963578453,11.377500884429649,11.656408309936523,5642800.0,122725000,0.045979221837441436
2021-11-02,11.540997472058834,11.550615190079274,10.541739866515385,11.069740295410156,6302500.0,122725000,0.05135465471582807
2021-11-03,11.23323771820385,12.08919443496412,11.23323771820385,11.63717269897461,6214200.0,122725000,0.05063515991036871
2021-11-04,11.694876442807907,11.829521733733527,10.771596675365387,10.858154296875,4997500.0,122725000,0.04072112446526788
2021-11-05,10.867771948863181,11.396734474867266,10.627334520424597,11.194766998291016,4790300.0,131530000,0.036419828176081505
2021-11-08,11.262091070779094,12.13728331010995,11.262091070779094,11.7814359664917,4725000.0,122725000,0.038500712976166224
2021-11-09,11.85837630625224,11.867994025470669,10.723511119970793,11.358266830444336,5185700.0,122725000,0.04225463434508046
2021-11-10,11.252472572712636,11.367882439635277,10.377280393985533,10.51192569732666,5258800.0,127400000,0.041277864992150706
2021-11-11,10.627334743035302,11.194767232787724,10.454219497430557,11.108209609985352,3855800.0,127400000,0.03026530612244898
2021-11-12,10.713893369680056,11.329412670041986,10.685040214578512,11.117828369140625,3510800.0,127400000,0.027557299843014128
2021-11-15,10.790832438802921,11.108209782544533,10.002197021060582,10.204164505004883,6824200.0,127400000,0.05356514913657771
2021-11-16,10.30995789393049,10.610023172116376,9.829083004139651,10.127224922180176,4956400.0,127400000,0.03890423861852433
2021-11-17,9.992580968241132,10.377280529680325,9.857935663139363,9.944493293762207,2963900.0,127400000,0.02326452119309262
2021-11-18,9.848318657880187,9.896406335840942,9.300121513837635,9.800230979919434,5066500.0,127400000,0.03976844583987441
2021-11-19,9.617498329620574,9.800230394317074,9.415530828010697,9.492470741271973,4100100.0,127400000,0.032182888540031394
2021-11-22,9.694437561573043,10.627335090798677,9.617497653718974,10.223400115966797,5274800.0,127400000,0.04140345368916797
2021-11-23,10.531160437410193,11.473675746172484,10.492690480962514,11.127445220947266,7760700.0,127400000,0.0609160125588697
2021-11-24,10.963947439163508,11.704495231229236,10.963947439163508,11.21400260925293,5229200.0,127400000,0.04104552590266876
2021-11-26,10.483072985753616,10.483072985753616,9.684820684571084,10.098373413085938,4087900.0,127400000,0.03208712715855573
2021-11-29,10.627336172301318,10.713893806744789,9.987772549930947,10.23301887512207,3669200.0,127400000,0.028800627943485087
2021-11-30,10.040666597780106,10.16569417050407,9.011594698616102,9.57902717590332,7399100.0,127400000,0.058077708006279434
2021-12-01,9.877172036250348,9.896406557547854,9.059684244192052,9.117388725280762,4314000.0,127400000,0.033861852433281006
2021-12-02,9.136624465547015,9.675204837608755,9.117389026417994,9.627117156982422,3455000.0,127400000,0.027119309262166404
2021-12-03,9.732906570477544,10.098371555897344,9.496315872340377,9.64634895324707,5569100.0,127400000,0.04371350078492935
2021-12-06,9.473236488942453,9.473236488942453,8.674984178428486,9.29050350189209,6090800.0,127400000,0.04780847723704867
2021-12-07,9.530940944550455,9.728099592034186,9.203945846129786,9.405913352966309,4396900.0,127400000,0.034512558869701726
2021-12-08,9.454000086712155,10.045475970191818,9.454000086712155,9.636733055114746,5135400.0,127400000,0.04030926216640502
2021-12-09,9.63673281339684,9.63673281339684,9.011594933484139,9.261650085449219,3409800.0,127400000,0.02676452119309262
2021-12-10,9.290502063664048,9.473235022426202,8.73749616314995,9.00197696685791,3327100.0,127400000,0.026115384615384617
2021-12-13,8.848098668280802,9.1847114914747,8.61727891836301,8.838480949401855,4845700.0,127400000,0.038035321821036104
2021-12-14,8.751923698991446,9.175093214780077,8.734611622622628,8.771158218383789,3739600.0,127400000,0.02935321821036107
2021-12-15,8.742306846615582,9.280886283692421,8.251814171380605,9.117388725280762,5126900.0,127740000,0.04013543134491937
2021-12-16,9.492470848306823,9.891596996798684,9.256842246637762,9.386678695678711,5672300.0,127740000,0.04440504149052763
2021-12-17,9.405912707384653,10.242634916222311,9.276077182555209,9.790613174438477,11359700.0,127740000,0.08892829184280569
2021-12-20,9.502086956548453,9.74252437675303,9.203944151928548,9.655966758728027,4035400.0,127740000,0.031590731172694536
2021-12-21,9.780995767487687,10.665805677498875,9.76176033078496,10.415750503540039,4186300.0,127740000,0.032772036950054796
2021-12-22,10.31957483026247,10.803335225226274,10.194548164406465,10.492690086364746,3737100.0,127740000,0.0292555190230155
2021-12-23,10.665806622614685,10.752364261054776,10.156079428373932,10.175313949584961,2519900.0,127740000,0.01972678878972914
2021-12-27,10.059905314981338,10.497501503711135,9.846396691673792,10.454222679138184,2146600.0,127740000,0.016804446532018163
2021-12-28,10.463838018610176,10.520581271943792,9.90602320347878,10.281105041503906,2460100.0,127740000,0.01925865038359167
2021-12-29,10.281105821108008,10.560013249822926,9.925258475312848,10.02143383026123,2975800.0,127740000,0.02329575700641929
2021-12-30,9.992582005920468,10.125303047380765,9.636734645337231,9.838701248168945,2372800.0,127740000,0.018575230937842493
2021-12-31,9.780997448166877,9.886789616621948,9.5213245112368,9.684822082519531,2276400.0,127740000,0.01782057303898544
2022-01-03,10.01181655570189,11.435206919255908,10.01181655570189,10.906244277954102,6782100.0,127740000,0.05309300140911226
2022-01-04,11.16110759144853,11.329414014056061,10.699468061412555,10.81006908416748,4172300.0,127740000,0.03266243932988884
2022-01-05,10.86777381226884,11.714113815550968,10.83892157272404,10.963948249816895,5642600.0,127740000,0.044172537967746985
2022-01-06,11.214003298376099,11.276517553338126,10.41575098243311,10.944713592529297,3677200.0,127740000,0.02878659777673399
2022-01-07,10.963948026004164,11.540998308297496,10.876429170386503,10.93509578704834,3055900.0,127740000,0.0239228119617974
2022-01-10,11.002416477177796,11.675642020071043,10.608099235720674,10.867772102355957,4891100.0,127740000,0.03828949428526695
2022-01-11,10.915862148577808,11.694879083685942,10.742746866466574,11.521763801574707,4947900.0,127740000,0.038734147487083134
2022-01-12,11.867991758457316,12.762419296602387,11.695838652995187,12.71433162689209,6237200.0,127740000,0.0488273054642242
2022-01-13,12.512364904107157,12.99323979588195,11.90646243040739,11.993020057678223,5220500.0,127740000,0.040868169719743226
2022-01-14,12.089194471137313,12.935534389703884,11.907423637526971,12.92591667175293,7378400.0,127740000,0.057761077188038204
2022-01-18,13.127884619564206,13.589525008117347,12.387337738296592,12.627775192260742,6212000.0,127740000,0.04863002974792548
2022-01-19,12.781655656610482,12.925917769340359,11.983403342820063,12.00263786315918,4941400.0,127740000,0.03868326287772037
2022-01-20,11.867991782099393,11.96416620451556,10.824493291250077,10.867772102355957,6151300.0,127740000,0.048154845780491624
2022-01-21,10.704274987567386,10.81968484922897,10.165694715950616,10.338809967041016,6441700.0,127740000,0.0504282135587913
2022-01-24,9.848319019919767,10.367663943156266,9.454001697098972,10.319576263427734,6937100.0,127740000,0.05430640363237827
2022-01-25,10.156078727851012,10.636953648508433,9.800230479431933,10.560012817382812,5974500.0,127740000,0.04677078440582433
2022-01-26,11.021653376927885,11.425588389474676,10.492690773145549,10.694658279418945,5581800.0,127740000,0.0436965711601691
2022-01-27,10.77159853148462,11.31498773028697,10.338811266556378,10.617718696594238,4065500.0,127740000,0.03182636605605135
2022-01-28,10.733128129328088,11.171686374403793,10.290723163697901,10.800450325012207,4841300.0,127740000,0.03789963989353374
2022-01-31,10.733127639158637,10.915860615093363,10.233018219266084,10.386898040771484,6358800.0,127740000,0.04977923907937999
2022-02-01,10.38689851641493,11.819905566300248,10.184931012141446,11.502528190612793,5710200.0,127740000,0.044701737905119776
2022-02-02,11.531380778912553,11.993021195766065,11.43520634174868,11.7814359664917,6750800.0,127740000,0.052847972444026926
2022-02-03,11.771818023911935,12.406572782476383,11.646790432498312,11.752583503723145,5183900.0,127740000,0.04058165022702364
2022-02-04,11.896844436853776,12.8874464341476,11.867992200830551,12.541216850280762,5230700.0,127740000,0.04094801941443557
2022-02-07,12.685479790290241,12.87590621164645,11.984364996894097,12.175752639770508,4207200.0,127740000,0.0329356505401597
2022-02-08,12.348867917011447,13.147120199501478,12.32963248023043,12.64700984954834,4944000.0,127740000,0.038703616721465474
2022-02-09,12.906683341507364,13.329852881158489,12.570070519796856,13.070180892944336,6293900.0,127740000,0.04927117582589635
2022-02-10,13.887665892120669,15.830399896985353,13.810725986018861,14.36854076385498,18780700.0,127740000,0.14702285893220604
2022-02-11,14.407011809137416,16.44592222699829,14.3300718972026,16.368982315063477,12603600.0,127740000,0.09866604039455143
2022-02-14,16.2535717307922,17.503847608171426,15.541877078003509,17.330732345581055,10662100.0,127740000,0.08346719899796462
2022-02-15,16.946029161794204,17.066247864650773,16.051601719038647,16.55171012878418,8374700.0,127740000,0.0655605135431345
2022-02-16,16.830620241763143,17.24417291834919,15.59957992941305,15.724608421325684,7856100.0,133300000,0.05893548387096774
2022-02-17,15.79193238712195,17.128764072717367,15.690949094553714,16.7632999420166,7354000.0,133300000,0.055168792198049516
2022-02-18,16.76330359045369,17.099916473335245,15.945815684710661,16.138166427612305,5716200.0,133300000,0.04288222055513879
2022-02-22,16.59018251283657,16.926795278526146,15.330289988005642,16.157394409179688,7711100.0,133607000,0.05771479039271894
2022-02-23,16.292044629388094,18.850299343788816,16.157398389309012,18.08089828491211,12703900.0,133607000,0.09508408990546903
2022-02-24,17.35477687156114,17.580788683148214,14.320456219632645,14.407012939453125,21131000.0,133607000,0.15815788094935146
2022-02-25,14.003079190645105,15.416851825001647,13.791493952157277,15.397616386413574,18856500.0,133607000,0.14113407231657024
2022-02-28,15.407233044607782,17.071059845647756,15.407233044607782,16.676742553710938,13902400.0,133607000,0.1040544282859431
2022-03-01,17.224942981013598,18.696421195023106,17.051827681201583,18.042430877685547,12322500.0,133607000,0.09222944905581294
2022-03-02,18.71565244690772,20.677623152078382,18.68680112349734,20.014015197753906,21822300.0,133607000,0.16333201104732537
2022-03-03,19.687017987543584,23.11084863837983,19.196525363389085,22.091392517089844,24834700.0,133607000,0.185878733898673
2022-03-04,22.081776342767075,26.236537361206693,22.024071863653173,25.34210968017578,30961400.0,133607000,0.23173486419124747
2022-03-07,23.764835946683228,25.34210681756618,19.16767321806467,21.15849494934082,32778600.0,133607000,0.24533594796679814
2022-03-08,21.019042365230103,23.495548943147234,20.062102299309398,21.706693649291992,19629100.0,133607000,0.14691670346613575
2022-03-09,20.937294859406055,20.97576389986135,19.225379450926976,20.34100914001465,17021100.0,133607000,0.1273967681334062
2022-03-10,20.85073720924485,22.985821233040173,20.841119490540407,22.687679290771484,15147900.0,133607000,0.11337654464212205
2022-03-11,22.226038218612125,22.649206805158602,20.98538010985757,22.139480590820312,11441900.0,133607000,0.08563847702590432
2022-03-14,20.561248392463053,20.561248392463053,18.177070585336057,19.100351333618164,14843300.0,133607000,0.11109672397404327
2022-03-15,18.003955679037634,20.818036179206636,17.859693575247647,20.312156677246094,12430800.0,154866000,0.08026810274689086
2022-03-16,19.956309135229418,20.2929219453527,18.552155252487815,19.465816497802734,10916600.0,145627008,0.07496274317467265
2022-03-17,20.302539472510034,21.831721847018503,20.12942420982723,21.08155632019043,13569700.0,145627008,0.09318120440955568
2022-03-18,21.2642889493627,21.32199342450455,20.254450545223314,21.0430850982666,14127500.0,145627008,0.0970115378597904
2022-03-21,21.850956065856145,24.35150605809627,21.850956065856145,22.918498992919922,11998100.0,133607000,0.08980143255967127
2022-03-22,22.84155912125805,23.36955958770383,22.312597433259512,22.687679290771484,7310600.0,133607000,0.05471719296144663
2022-03-23,23.851396714029026,25.39981463534649,23.851396714029026,25.043968200683594,8624500.0,133607000,0.06455125854184286
2022-03-24,25.015113601994432,25.67872150637737,23.899483932407243,24.284183502197266,7695500.0,133607000,0.05759803004333605
2022-03-25,24.02450855677161,26.64046907713603,23.639809019774518,24.957406997680664,7855200.0,133607000,0.0587933266969545
2022-03-28,24.120681344286357,24.450561873140927,22.653052261664488,23.49554443359375,6882900.0,133607000,0.05151601338253235
2022-03-29,21.687457595782135,22.84155810760761,21.052702864595783,22.80308723449707,8237200.0,138260000,0.059577607406335886
2022-03-30,23.78407483950263,25.149759785391655,23.287813001139334,23.553255081176758,6106000.0,138260000,0.04416317083755244
2022-03-31,23.168555822785162,24.082218984613196,22.408772502091395,23.591726303100586,6865800.0,138260000,0.049658614205120785
2022-04-01,23.80330616009091,25.294017529289274,23.80330616009091,25.024728775024414,5468900.0,138260000,0.039555185881672214
2022-04-04,25.813363704577117,25.938390366241816,23.226256336604884,24.03412628173828,6111400.0,138260000,0.044202227686966584
2022-04-05,25.40943208451929,27.313696420270592,23.832162857055664,23.832162857055664,16151700.0,138260000,0.1168212064226819
2022-04-06,24.341887001828027,25.688336359234103,23.2743459678177,24.168771743774414,10084000.0,138260000,0.07293504990597426
2022-04-07,24.245710468160123,26.18844541552688,23.89948180338805,26.11150550842285,8294600.0,138260000,0.05999276725010849
2022-04-08,26.505827433864212,27.773414598814604,25.32287546572152,26.207685470581055,6902700.0,138260000,0.04992550267611746
2022-04-11,26.178829761704456,26.217300635485444,24.547702868748864,24.726587295532227,7333600.0,138260000,0.05304209460436858
2022-04-12,25.20746414777964,28.36200449884325,25.159377386251794,28.035009384155273,12136300.0,146542000,0.08281789521092929
2022-04-13,28.323535230908245,29.55457392638283,27.140581462186148,29.54495620727539,9082100.0,138260000,0.06568855778967163
2022-04-14,29.23719553294342,31.439601770197328,29.208344211000714,31.29534149169922,8393400.0,138260000,0.06070736293938955
2022-04-18,31.766597426146294,32.01665444996757,30.006597049981885,30.785612106323242,7582300.0,138260000,0.05484087950238681
2022-04-19,30.102769895898426,30.446114933579544,28.74670273952476,29.871950149536133,5802200.0,138260000,0.04196586142051208
2022-04-20,29.35260729548506,30.23741727406431,28.006157806618994,30.0065975189209,5846400.0,138260000,0.04228554896571676
2022-04-21,29.66998556935281,29.66998556935281,25.967247989199574,26.207685470581055,10043200.0,138260000,0.07263995371040069
2022-04-22,26.159600599876864,26.909764422026427,23.553257159331537,23.572492599487305,9534400.0,138260000,0.06895993056560104
2022-04-25,22.735766331212407,24.168773416844413,22.25489139639392,23.312816619873047,9881600.0,138260000,0.07147114132793288
2022-04-26,24.034124717712167,25.52483784930576,23.45707453239826,24.53423500061035,10178400.0,138260000,0.07361782149573268
2022-04-27,24.928555267582645,26.01533175093827,24.168772033547253,25.486370086669922,8417900.0,138260000,0.06088456531173152
2022-04-28,22.408771349447697,24.18800898473511,19.918802082885918,23.5628719329834,26915300.0,138260000,0.1946716331549255
2022-04-29,23.582104057139855,24.563089231864726,21.668222295309207,21.77401351928711,11751500.0,138260000,0.08499566035006509
2022-05-02,21.3989355667893,21.49511092497919,19.84089990041177,20.600683212280273,11788600.0,138260000,0.08526399537104007
2022-05-03,20.773798411708874,21.870192721513806,20.11980817975773,20.70647621154785,9287500.0,138260000,0.06717416461738752
2022-05-04,21.360465767856034,21.889429347401936,20.744946379402226,21.802871704101562,7144400.0,138260000,0.05167365832489512
2022-05-05,22.5145617703624,22.6011193956503,19.98516070470512,21.370079040527344,6960900.0,138260000,0.05034644871980327
2022-05-06,21.36046583570569,22.1769924509282,20.514126673893383,21.572052001953125,6176700.0,141060000,0.04378774989366227
2022-05-09,20.56221075304655,20.581446190082893,19.25904016130617,20.0524845123291,8141600.0,138260000,0.05888615651670765
2022-05-10,20.542976121915835,21.600899424458362,19.38887563900671,20.167892456054688,6322500.0,143800000,0.043967315716272604
2022-05-11,20.542976270151662,21.927894658365453,20.196745755902135,20.41794776916504,6082700.0,143800000,0.042299721835883174
2022-05-12,20.196749741456706,20.542980324030143,18.754124759924085,19.369644165039062,7353500.0,143800000,0.05113699582753825
2022-05-13,20.05248960395066,21.062326457672032,20.05248960395066,20.581451416015625,4710300.0,143800000,0.032755910987482616
2022-05-16,20.966146179669366,21.84133840407477,20.725708715065856,21.283523559570312,3792700.0,143800000,0.02637482614742698
2022-05-17,21.918283132103547,22.46167055518258,21.533581668949417,22.004838943481445,4194600.0,143800000,0.029169680111265646
2022-05-18,22.139482273969467,22.47609509270719,20.3025401834317,20.821884155273438,4599200.0,143800000,0.03198331015299027
2022-05-19,20.33139222594166,22.12024762051967,20.148661066360727,21.148880004882812,4499600.0,143800000,0.03129068150208623
2022-05-20,21.206588603290413,21.55281922028869,19.63893677462332,20.581451416015625,4723000.0,143800000,0.0328442280945758
2022-05-23,21.062319327832018,23.312813907716826,20.74782747990099,23.216638565063477,6063200.0,143800000,0.042164116828929066
2022-05-24,23.101233966173073,24.139923826518956,22.456861433914543,23.524402618408203,6791500.0,143800000,0.04722878998609179
2022-05-25,23.149319483492924,24.005276295802965,22.73576673863543,23.832162857055664,6970000.0,143800000,0.04847009735744089
2022-05-26,23.80330617568841,25.17860860378647,23.247415674541358,24.793909072875977,6782900.0,143800000,0.047168984700973575
2022-05-27,24.44768006717016,24.65926436346226,23.341668160529174,24.168771743774414,5464800.0,143800000,0.03800278164116829
2022-05-31,24.8035278176667,25.621013666810022,22.43762239439893,22.706912994384766,7814400.0,143800000,0.05434214186369958
2022-06-01,22.84156109517533,24.32265688459191,22.75500345374748,24.236099243164062,5680800.0,143800000,0.039504867872044505
2022-06-02,23.755223141996453,25.89992496774934,23.65904778561094,25.27478790283203,4968600.0,143800000,0.03455215577190542
2022-06-03,24.62079372483138,25.1016685951039,23.178169114013823,24.438060760498047,5587300.0,143800000,0.03885465924895688
2022-06-06,25.092052284898728,25.755660156724073,23.77830281406245,25.072816848754883,4784000.0,143800000,0.03326842837273992
2022-06-07,26.428884311926165,28.717849884680298,26.04418475519208,27.457956314086914,11247100.0,143800000,0.0782134909596662
2022-06-08,27.69839617521987,27.708013894273677,26.226920013441575,26.573148727416992,5151300.0,143800000,0.03582267037552156
2022-06-09,26.198063030235527,26.207680747884737,25.092051182065596,25.168991088867188,4520800.0,143800000,0.031438108484005564
2022-06-10,24.56308978335929,26.11823787059695,24.18800612907713,25.082433700561523,4255600.0,143800000,0.029593880389429762
2022-06-13,23.26472548221327,23.50516290437722,22.187565023786327,22.437620162963867,6766000.0,143800000,0.047051460361613354
2022-06-14,22.822321476418235,23.263764266218857,21.245052449292118,21.95674705505371,6064300.0,143800000,0.04217176634214186
2022-06-15,22.019263744153918,23.081996911709734,21.65091226670084,22.495328903198242,5001800.0,143800000,0.034783031988873434
2022-06-16,21.764397850222704,22.64920776737952,21.552813547960593,21.668224334716797,6485400.0,143800000,0.04510013908205841
2022-06-17,21.677838281040625,21.874996888548228,19.77357255446913,21.100788116455078,11380000.0,143800000,0.07913769123783032
2022-06-21,21.975985790600966,23.659048131586275,21.889428152027474,22.716533660888672,7175800.0,143800000,0.04990125173852573
2022-06-22,21.389316660044116,21.812487111950723,20.879588574011333,21.514345169067383,5948800.0,143800000,0.04136856745479833
2022-06-23,21.841335238901607,21.947128295001505,19.494667245205033,20.331388473510742,6605400.0,143800000,0.045934631432545205
2022-06-24,20.975763534536068,21.71631135292353,20.22559983199647,20.764179229736328,8314500.0,143800000,0.057819888734353266
2022-06-27,21.254676041316998,22.831945504360192,21.06232530145644,22.601125717163086,4829800.0,143800000,0.03358692628650904
2022-06-28,23.274344072870424,23.851392440210862,22.466474157323383,22.8896427154541,4656800.0,143800000,0.03238386648122392
2022-06-29,23.264725245563703,23.54363169855302,21.495105689686326,22.062538146972656,4305900.0,143800000,0.02994367176634214
2022-06-30,21.24505006107268,21.735542606066335,19.95630537447567,20.51412010192871,7749200.0,143800000,0.05388873435326843
2022-07-01,20.533359992733548,21.35084774518469,19.561992408573047,20.235218048095703,4449300.0,143800000,0.030940890125173853
2022-07-05,19.52352230456245,19.88898829510106,17.426909056115274,17.734668731689453,9734200.0,143800000,0.06769262865090403
2022-07-06,17.725053439494392,18.273250665970693,16.753685683965678,18.042430877685547,7241200.0,143800000,0.05035605006954103
2022-07-07,19.11958346565578,20.13903948104355,18.927234623908802,19.619693756103516,5507800.0,143800000,0.03830180806675939
2022-07-08,19.687017966566874,20.21598146313875,19.234996215875,20.100570678710938,4109500.0,143800000,0.0285778859527121
2022-07-11,19.898601406415654,20.8218802193379,19.773572920670805,20.004392623901367,4000200.0,143800000,0.02781780250347705
2022-07-12,19.48505138454339,20.427565758757577,19.0714986724474,19.74472427368164,3577200.0,143800000,0.024876216968011126
2022-07-13,19.54275497734256,21.158494879852192,19.494668222736102,20.571826934814453,7087000.0,143800000,0.049283727399165506
2022-07-14,19.744726545828673,20.501622530574767,18.965707788767443,19.90822410583496,6944300.0,143800000,0.0482913769123783
2022-07-15,20.206363503256565,20.46122661306351,19.273466858324294,20.1871280670166,5802000.0,143800000,0.04034770514603616
2022-07-18,20.99499823026156,21.91827899960549,20.417947978720626,20.562210083007812,6130200.0,143800000,0.042630041724617526
2022-07-19,20.398712853229743,21.33161135499775,20.119806358609022,20.831501007080078,3954400.0,143800000,0.027499304589707927
2022-07-20,20.91805475851495,21.081552271382463,20.34581438067458,20.93729019165039,3795300.0,143800000,0.026392906815020864
2022-07-21,20.23521844614991,20.504507239742416,19.09554351249365,19.937074661254883,5065300.0,143800000,0.03522461752433936
2022-07-22,20.05248426941202,21.043085417684434,19.660089429949945,20.139041900634766,4353500.0,143800000,0.030274687065368566
2022-07-25,20.53335897554172,21.437404317843363,20.23521704567338,21.168113708496094,5507200.0,143800000,0.03829763560500695
2022-07-26,21.82210546234366,22.014454339220062,20.69685802052393,21.00461769104004,4272300.0,143800000,0.02971001390820584
2022-07-27,21.12002745628778,22.09139509991961,20.389099128113884,21.937515258789062,6154100.0,143800000,0.04279624478442281
2022-07-28,22.822328618805816,23.889871778738428,20.177515938130924,21.254676818847656,9263700.0,143800000,0.06442072322670375
2022-07-29,21.475872944819546,21.504726099179493,19.643738916786692,20.1871280670166,8951000.0,143800000,0.062246175243393605
2022-08-01,19.85051673944998,20.014014290805196,18.475214131178248,18.725269317626953,6026400.0,143800000,0.04190820584144645
2022-08-02,18.831062289371214,19.249422967150714,18.16745436867828,18.706035614013672,4469800.0,143800000,0.031083449235048678
2022-08-03,18.965706154450746,19.03303018403385,18.282864649637993,18.64832878112793,4424300.0,143800000,0.030767037552155773
2022-08-04,18.51368447006673,18.965706235707927,18.013574111660137,18.186689376831055,3548900.0,143800000,0.02467941585535466
2022-08-05,17.811604022432814,19.177288603729323,17.648106507968023,18.561767578125,3870600.0,143800000,0.026916550764951322
2022-08-08,18.57138848676366,18.959936602231732,18.2828642748904,18.484830856323242,3008000.0,143900000,0.02090340514246004
2022-08-09,18.917618057929207,20.14865842447348,18.917618057929207,19.87936782836914,5094200.0,143900000,0.035400972897845724
2022-08-10,19.783193125508802,21.047894628248976,19.436962609925565,20.77379608154297,5708900.0,143900000,0.0396726893676164
2022-08-11,21.158496161162788,22.18756818095295,21.00461633583298,21.543195724487305,4457700.0,143900000,0.03097776233495483
2022-08-12,21.1969690242807,22.514565381638395,20.975765149513286,22.504947662353516,5134800.0,143900000,0.035683113273106325
2022-08-15,21.39893568133771,22.668445279941256,21.245055841167126,22.274127960205078,3677200.0,143900000,0.02555385684503127
2022-08-16,22.735766995689634,23.311856079622444,22.293362923235197,22.572269439697266,3667500.0,143900000,0.0254864489228631
2022-08-17,22.423198562815962,24.062982005368315,22.322213433092813,22.35106658935547,5577600.0,143900000,0.03876025017373176
2022-08-18,22.822324370985363,25.46713655939281,22.793473048395647,24.899703979492188,10194100.0,143900000,0.07084155663655316
2022-08-19,24.524621455351713,25.611397991142535,24.370741624344024,25.0535831451416,6049500.0,143900000,0.04203961084086171
2022-08-22,25.245932705042605,27.09249242770141,25.23631498674219,26.19806480407715,6812300.0,143900000,0.04734051424600417
2022-08-23,26.83281858419139,27.22713584854893,25.39019390940269,26.313474655151367,6194100.0,143900000,0.04304447533009034
2022-08-24,25.842217725950157,27.140578478027194,25.582544841777885,26.582763671875,4396400.0,143900000,0.030551772063933287
2022-08-25,26.99631931549143,27.58298733967142,26.024951699387,26.823204040527344,4622500.0,143900000,0.0321230020847811
2022-08-26,26.9578465751776,28.025387567014096,26.65008510946716,26.717409133911133,5133000.0,143900000,0.03567060458651842
2022-08-29,25.967245414143047,26.611617873721546,25.12090637074059,25.77489471435547,4895800.0,143900000,0.03402223766504517
2022-08-30,25.1497567846808,25.33248975945004,22.35587480284935,23.437843322753906,10172200.0,143900000,0.07068936761640028
2022-08-31,22.793468459112812,23.99565557542906,22.73576215676742,23.716747283935547,3632400.0,143900000,0.02524252953439889
2022-09-01,23.053139376698148,23.2839590818485,22.302975793557483,22.437620162963867,4387300.0,143900000,0.030488533703961086
2022-09-02,23.245493484346007,23.808116254868672,21.91827952494408,23.784072875976562,6226400.0,143900000,0.04326893676164003
2022-09-06,25.486372443691224,25.85183659990208,23.937954511993482,24.24571418762207,7675200.0,143900000,0.05333703961084086
2022-09-07,23.514783711904503,23.58210590545575,22.360683200079027,22.80308723449707,4845300.0,143900000,0.03367129951355108
2022-09-08,22.812705418284118,23.04352515848081,21.312376189809477,21.687458038330078,6630300.0,143900000,0.04607574704656011
2022-09-09,22.20680045781351,22.947348158332538,21.83171866624318,22.437620162963867,5704600.0,143900000,0.03964280750521195
2022-09-12,22.726148064943924,22.79347209508629,21.648989264157642,22.18756866455078,4141800.0,143900000,0.02878248783877693
2022-09-13,21.82210416079692,23.033909166972048,21.63937117942969,21.668224334716797,4850500.0,143900000,0.03370743571924948
2022-09-14,22.0048347549912,22.81270473881355,21.687457392374718,22.302978515625,5061400.0,143900000,0.03517303683113273
2022-09-15,22.158717681608177,22.485710946761284,20.66800429617659,20.696857452392578,5502400.0,143900000,0.03823766504517026
2022-09-16,20.360243138103414,20.648767341494324,19.629313077202,19.81204605102539,7458500.0,143900000,0.05183113273106324
2022-09-19,19.14843832943965,20.45641864158928,19.023411662845188,20.41794776916504,5316600.0,143900000,0.03694649061848506
2022-09-20,20.177509350571892,21.312374351089623,19.783192099123134,21.22581672668457,5082400.0,143900000,0.03531897150799166
2022-09-21,21.639369763485195,22.014451585713466,20.542975615807418,20.571826934814453,5000700.0,143900000,0.03475121612230716
2022-09-22,20.879588174436915,21.333534216938624,20.48527088624921,21.120025634765625,4479700.0,148475008,0.030171407702500343
2022-09-23,20.206363512923964,20.3410078978838,18.744503377046268,19.13882064819336,8839600.0,143900000,0.06142876997915219
2022-09-26,18.763738658934145,20.254450102529972,18.657945594826206,19.581226348876953,5469100.0,143900000,0.03800625434329395
2022-09-27,20.33138970476145,21.677840860471633,20.071718659033,21.408550262451172,6176800.0,143900000,0.042924252953439886
2022-09-28,21.716311989426046,24.120686664226945,21.585514315294784,23.899484634399414,8858000.0,143900000,0.06155663655316192
2022-09-29,23.514784065545992,24.111067932589386,22.687678625152397,23.659046173095703,6144700.0,143900000,0.04270118137595552
2022-09-30,23.16855333518974,24.380358329805485,22.8704114043025,23.870630264282227,4262700.0,143900000,0.029622654621264767
2022-10-03,24.909320135437426,25.553692592463758,24.62079592129104,25.29401969909668,6334800.0,143900000,0.04402223766504517
2022-10-04,25.957627842946867,26.400033721210747,24.466916331510554,25.207462310791016,7132100.0,135802000,0.05251837233619534
2022-10-05,25.168994855993947,26.890526216243924,25.079551719421925,26.698177337646484,5386500.0,143900000,0.0374322446143155
2022-10-06,26.323095540691202,27.6406918749578,26.229805683094433,26.592384338378906,6265700.0,143900000,0.043542043085476025
2022-10-07,26.496205771082725,26.55391207878845,25.36134256875213,25.85183334350586,5388400.0,143900000,0.037445448227936065
2022-10-10,25.851830570307246,27.24636833893335,25.640246301259896,26.092267990112305,3343900.0,143900000,0.023237665045170258
2022-10-11,25.495987178107416,26.28462171318045,24.8708501808709,25.4094295501709,4749400.0,143900000,0.03300486448922863
2022-10-12,25.15937639903742,26.034568632128078,23.784073794354303,25.659486770629883,6444100.0,147767008,0.04360986993794989
2022-10-13,25.47675016937925,26.525057523550846,24.86123092817466,25.67871856689453,4056100.0,147767008,0.027449293688074132
2022-10-14,25.486372783537032,25.534459545598068,24.389978465892323,24.870853424072266,3618200.0,143900000,0.025143849895760944
2022-10-17,25.072819127184665,26.66932378435891,24.813146218822123,25.82298469543457,5239200.0,143900000,0.036408617095205
2022-10-18,26.174022878226843,26.332710653010622,24.967025763221365,25.553693771362305,5182300.0,138594000,0.03739195058949161
2022-10-19,25.65948426114262,26.015330650225867,23.274345262125852,23.380136489868164,6947500.0,143900000,0.04828005559416261
2022-10-20,23.505166761346718,23.83216185589776,22.043306554458795,22.18756866455078,6331700.0,143900000,0.04400069492703266
2022-10-21,22.32221361270391,23.167593304396693,21.963481688807306,22.95697021484375,4093600.0,143900000,0.028447533009034052
2022-10-24,22.601120826559555,23.005055825346094,21.610517849099367,22.822322845458984,4753200.0,143900000,0.03303127171646977
2022-10-25,22.697297774303287,23.793692062063176,22.495329343488795,23.13970184326172,5335100.0,143900000,0.03707505211952745
2022-10-26,23.178170696515405,23.6205747268633,22.639591318668174,22.658824920654297,3479700.0,143900000,0.02418137595552467
2022-10-27,22.831940129023522,24.17838948787427,22.17794996873803,23.58210563659668,5178300.0,143900000,0.03598540653231411
2022-10-28,23.370519812329363,23.610957266507203,22.25969994803874,23.03390884399414,6120000.0,143900000,0.04252953439888812
2022-10-31,22.85117448372088,24.02450852879362,22.591501608653214,22.98581886291504,3973400.0,143900000,0.027612230715774844
2022-11-01,23.49554771448129,23.50516543252934,22.83674962052328,23.081995010375977,3529000.0,143900000,0.024523974982626824
2022-11-02,23.274347230671186,23.31281627099698,22.057732416400285,22.331830978393555,4011500.0,143900000,0.0278769979152189
2022-11-03,24.43806480086933,26.573148917493906,22.50494728264238,22.928117752075195,19326900.0,143900000,0.13430785267546907
2022-11-04,23.77445390186041,26.419265796931786,23.62057408380763,25.957626342773438,11538000.0,143900000,0.080180681028492
2022-11-07,27.438722765407643,28.905390860154352,26.520251769372177,28.862112045288086,10959900.0,143900000,0.07616330785267547
2022-11-08,28.285064371359987,28.756321601551658,27.381018953037003,28.477415084838867,4813300.0,143900000,0.033448922863099376
2022-11-09,27.69839419011022,28.006155674598205,25.17861067915695,25.399812698364258,7426300.0,143900000,0.051607366226546214
2022-11-10,26.582764296558498,26.717410518029812,25.447899221485358,26.659704208374023,3701800.0,143900000,0.02572480889506602
2022-11-11,27.255993036155687,27.698397121389252,25.69218818555557,26.207685470581055,5133600.0,143900000,0.03567477414871439
2022-11-14,26.400033119800977,28.209083183931728,26.36637202307288,26.89052391052246,5008600.0,143900000,0.03480611535788742
2022-11-15,27.25598910569254,28.111945828971376,26.361561510432026,28.073476791381836,4653100.0,143900000,0.03233564975677554
2022-11-16,27.419483695892712,28.09270737368743,26.784729051553036,27.371395111083984,3735700.0,143900000,0.02596038915913829
2022-11-17,26.746266803020834,26.96747069564279,25.726812323639244,26.919382095336914,5111100.0,143900000,0.03551841556636553
2022-11-18,26.659707275196965,26.73664719586334,25.476755307054272,26.207685470581055,5113600.0,143900000,0.03553578874218207
2022-11-21,25.938394882072807,26.746264967855026,25.217082436509568,26.688560485839844,4331200.0,143900000,0.030098679638637944
2022-11-22,27.33293135969428,28.79479160132789,27.08287617354177,28.487031936645508,4109500.0,143900000,0.028558026407227242
2022-11-23,28.573588974984705,29.381459046967134,28.015774099986587,28.640913009643555,3277500.0,143900000,0.022776233495482974
2022-11-25,28.371619966731295,29.814244710802377,28.371619966731295,29.044845581054688,2100800.0,143900000,0.014599027102154273
2022-11-28,28.342766991376557,29.3622231377536,28.035007337523954,28.246593475341797,2461300.0,143900000,0.017104239054899235
2022-11-29,28.650526861151615,30.73752212524414,28.650526861151615,30.73752212524414,4567700.0,143900000,0.03174218207088256
2022-11-30,31.2376342874402,31.6319515741357,30.102769185480568,30.718290328979492,4341400.0,143900000,0.03016956219596942
2022-12-01,30.72790968721324,30.928915061810297,29.708453484113868,30.093154907226562,2641700.0,143900000,0.01835788742182071
2022-12-02,29.80462548489457,30.997194992880672,29.78539004902573,30.381675720214844,3133900.0,143900000,0.021778318276580957
2022-12-05,30.487472149328276,30.86255401822408,28.256210870769145,28.43894386291504,3741500.0,143900000,0.02600069492703266
2022-12-06,28.43893979476222,29.16025210677435,28.221584512835733,28.756317138671875,2848400.0,143900000,0.019794301598332176
2022-12-07,28.515881306999866,28.708232001457432,27.775333518048065,28.256208419799805,2298100.0,143900000,0.01597011813759555
2022-12-08,28.881344500115087,29.285279452368165,27.477188967276483,27.69839096069336,2779000.0,143900000,0.019312022237665045
2022-12-09,27.602222268327978,28.20812388512497,26.79916016526743,26.996318817138672,2648100.0,143900000,0.01840236275191105
2022-12-12,27.025170273286864,27.026131494800644,26.05380273623907,26.784732818603516,2981700.0,143900000,0.02072063933287005
2022-12-13,27.409872750298312,27.967687631139214,26.79146788858294,27.381019592285156,3300700.0,143900000,0.02293745656706046
2022-12-14,27.28484562441455,27.602223019833463,26.486593276276533,27.323314666748047,2853500.0,143900000,0.019829742876997916
2022-12-15,27.40986960040784,28.313914935945842,27.121345391002528,28.04462432861328,3203500.0,143900000,0.02226198749131341
2022-12-16,27.438722260786612,28.169652323756576,26.91937649194263,27.400251388549805,4349600.0,143900000,0.03022654621264767
2022-12-19,27.688780154707132,28.01577342897058,26.8087781267208,27.496429443359375,2896500.0,143900000,0.02012856150104239
2022-12-20,27.62145333547081,28.287946703700698,27.390633605771807,27.506044387817383,2807300.0,143900000,0.019508686587908268
2022-12-21,27.60222177708585,27.938832761319933,26.890525264839333,27.756101608276367,3466800.0,143900000,0.024091730368311328
2022-12-22,27.890744296610134,28.56396989269897,27.130961071470097,27.900362014770508,3128300.0,143900000,0.02173940236275191
2022-12-23,27.98691828137154,28.400470970174343,27.534894721800065,28.313913345336914,2027200.0,143900000,0.014087560806115357
2022-12-27,28.67938095870017,29.05542587864082,28.208123740410766,28.27544593811035,2344100.0,143900000,0.016289784572619873
2022-12-28,27.890746439699594,27.890746439699594,24.861234693300343,25.57292938232422,8415300.0,143900000,0.05848019457956914
2022-12-29,25.68833915580667,26.16921410968752,25.467137117275648,25.794132232666016,2992700.0,143900000,0.020797081306462822
2022-12-30,25.486369460070897,25.948008919470897,25.130521230288306,25.4094295501709,3091400.0,143900000,0.021482974287699793
